原始LBP特征,旋转不变LBP特征,等价模式LBP特征,旋转不变等价模式LBP特征
109.49715596843791,13.427528291901867,39.7705201096396,5.951480151568606
109.56816982943444,13.44293533570343,39.7961333552703,5.955433469930526
109.54756533597481,13.429442405286583,39.77037932859314,5.950608750814156
109.54091936807968,13.432142263487842,39.78205949101715,5.952565692167824
109.59844962752388,13.435206371444854,39.76990610073817,5.949686465344116
109.58008194135367,13.427429490745766,39.745865616858445,5.946843705899913
109.60932114700934,13.435746597508684,39.74566377415328,5.94614319298198
109.60156546827507,13.432514994029527,39.6991068036257,5.939641398447677
109.64170842040274,13.43990303069366,39.69997353994789,5.9398610508033
109.65555923998589,13.44299088485128,39.64471952344768,5.930885835052106
109.54612487448436,13.42810159303083,39.615164408516065,5.926126842026704
109.74146960147091,13.457486668204515,39.619540918095964,5.927140295945506
109.73895716863873,13.44719014600521,39.57295044846396,5.919508860725141
109.68054193918259,13.441805270978072,39.50754493120387,5.908935864904472
109.61999464014329,13.436934331578376,39.430426600493924,5.8981898610508035
109.53578425219823,13.434157722264437,39.35270231762918,5.886600867075553
109.0086283516066,13.381831273067737,39.09682470893943,5.8497251377279635
108.48972086341185,13.336800419968519,38.87846779336735,5.817489246363439
108.2197638779581,13.318367855785931,38.72704208844442,5.796443327996092
108.12191935451042,13.301852797302432,38.60554041264112,5.777169893888407
107.92748673605081,13.288851752469604,38.49682733798306,5.7601845758250105
106.63681543095962,13.142943222834347,38.009420457012595,5.688056763596396
104.45970905815784,12.831438867102692,37.22964229741098,5.569870651052974
103.32295172058186,12.679609900808728,36.90644039364416,5.521910534493053
101.84283746743378,12.444472054114199,36.529259135502606,5.464280201774859
97.18875600439644,11.782129881540381,35.079144390468954,5.244936970798958
93.44169247652519,11.280125447785498,33.818293648909034,5.053903451340642
89.16404723458533,10.73160729551129,32.35271885516175,4.832867455492836
84.74888011221776,10.154315532729049,30.80194566190838,4.5983733004505
78.94620722291576,9.409354815729483,28.787393905368,4.295909462521711
76.25663918326639,9.062378300721884,27.895994609612462,4.161353312934216
74.16436526405775,8.781751214448546,27.17558873615936,4.050000593655016
69.9740916230189,8.25983601552323,25.685059653848242,3.8255464170375597
67.96720013637103,8.010234612462007,24.920588040734913,3.709191306176726
66.60421910619301,7.851542146113765,24.446149553571427,3.638704526025836
66.54423238710378,7.8426517382218845,24.454595568280503,3.6405859883847156
66.6017232108934,7.854456992238385,24.495486525727312,3.647610623371689
67.51303920836952,7.935308988954624,24.85792393752714,3.6983541338742945
68.21370096409575,8.006121007245984,25.17585800111268,3.744172427947243
66.65592391378094,7.878323195967217,24.44337760868975,3.641975989198871
85.71679433076422,10.292484497123317,31.03009067656318,4.634623995874946
96.23196730487408,11.669136130183457,34.54863815539514,5.166486308619192
94.73609066299392,11.466049717759445,34.00446004532132,5.083463230704516
92.28628461856817,11.150580594604863,33.21106937622123,4.96359410619301
101.14316923577942,12.327314660904255,36.09936894471885,5.402416260719713
100.48165987638406,12.23685223757056,35.84445644946808,5.363746845147634
99.30735937160769,12.098099795104211,35.49102690444529,5.3115666895082505
98.70336415816327,12.010988554331307,35.28558580180742,5.278155361213634
97.59464217867998,11.854955238411854,34.911745549283545,5.222208040463526
95.97944554317738,11.642192673279418,34.36382826069258,5.139389773529093
95.13641810613873,11.534847549392097,34.057297461870384,5.092214129667824
93.05237224544074,11.284143220120495,33.360078057153714,4.989392656996309
90.98134184691163,11.019316686115936,32.636349411772684,4.880385723105731
90.70436997937473,10.980541260719713,32.52465915721342,4.862318680796787
91.08269232726335,11.0277639729429,32.59246685708858,4.873546817330656
92.79916057180851,11.264535643047113,33.224173886642426,4.970040775618759
92.82748936509444,11.265404075526487,33.23787417227529,4.972133833586626
92.1299930627171,11.175738422031046,33.011752673143725,4.936958501818281
94.8368267104049,11.500881153658272,33.97098256689644,5.08108182601498
97.2674297112462,11.804060345880373,34.83508942140686,5.210097478153496
97.46355594265631,11.843259810573166,34.95534569379613,5.2295354395082505
96.88803793625164,11.759208013325011,34.72337966103995,5.19308120522145
97.66678525632328,11.870203267477203,35.041651683944856,5.241957670701259
98.57105880916197,11.984625607224272,35.32539715520517,5.283339665653496
100.19585951069257,12.190076886805254,35.92252208396656,5.373599822242727
101.62505512510856,12.392737987814806,36.41830501316218,5.450128314291142
101.89040322744789,12.41729876791142,36.472274614633086,5.456795484151107
100.37314101172385,12.22242769281915,35.97800804996201,5.382078063938342
100.14702460106383,12.188467233635475,35.88698589475684,5.367198949061008
99.36873651555037,12.092212857549935,35.597617238384714,5.325091846911637
99.04591667118976,12.052510482251412,35.47288735141663,5.306015591076856
98.35381966117563,11.965418323246851,35.23489656833478,5.270163492591186
97.19423586422602,11.801561906344984,34.82209855351715,5.207662644512593
98.76415655191597,12.030469343655016,35.38704144390469,5.293616258005862
98.50609598892748,11.970723054846939,35.3040192140686,5.2795839496037775
97.41522563979049,11.843992550477639,34.92700205913482,5.223700234748154
96.24017924989144,11.691150130264871,34.52848780802214,5.164056563449848
94.77197456442684,11.505238157430526,34.009301301970254,5.085943860589449
93.58523953131785,11.345070458369518,33.61498928028658,5.0266674073219715
92.61392918204515,11.221426112000652,33.29013701557751,4.978052574088146
90.71848539947894,10.973097250868433,32.611457456985455,4.875039435654581
89.77141398447677,10.836511649207555,32.32195480419561,4.829892395788103
99.86966855392423,12.17659074101715,35.80759089706361,5.358336951801998
106.10080304561984,12.978409615175858,38.04807206293422,5.696905191597915
105.8257766703756,12.957748724489797,37.974656867401215,5.687009386533869
105.59803576517044,12.912434189101173,37.858197442873426,5.668616682045158
104.53592036881241,12.783091178625705,37.52875495277898,5.6192563877279635
104.02378097183022,12.714835269214069,37.34263223241424,5.591036572541251
103.59555301508901,12.66148773339123,37.17744093980677,5.565896554765523
103.22334107346396,12.59472529038211,37.04780619029527,5.5445364232794185
104.21995299948436,12.732367173930742,37.44325845364742,5.606611959943552
104.598113788401,12.781520961110507,37.59241088390143,5.628914306746635
104.36742750624185,12.747141127062527,37.566485121309164,5.624936818144811
104.1889943144811,12.718356067493486,37.469990738981764,5.610440186712983
103.52710035144376,12.64307764329136,37.29247686441598,5.583781684216239
103.37889268074251,12.601551899017586,37.18239075051563,5.565943623127443
102.78923041956145,12.529752293204515,36.97627457731763,5.534959495766391
102.72837823626791,12.524754566055146,36.953556672003906,5.532083661257056
102.21322985643725,12.458897022904907,36.82172709509336,5.512793689616804
101.84806247964612,12.412611437527138,36.640188239524534,5.485054734992401
102.53422972413699,12.494134264410551,36.954596840398395,5.5322765991369955
104.22155756418259,12.700898369653713,37.61346316285823,5.631622645733826
103.76479006662505,12.66336283516066,37.494975558374946,5.616947917797438
103.5919325675749,12.686052753880807,37.55178155870061,5.631204967026704
103.07600692371363,12.619296671461138,37.325921267775726,5.597625719170647
102.85257213756513,12.588384206741207,37.28140816665762,5.591636588145897
102.26579164744355,12.5262064766066,37.08142020937364,5.561797790924881
100.76938750067846,12.334122187771385,36.469846141581634,5.469680342216674
103.22482266676617,12.605609531046461,37.50125685247503,5.621926987217759
104.63009737638406,12.67353511384607,38.2290596674175,5.720662841266826
105.7973808788808,12.788527786447025,38.701792668530175,5.787178069366044
106.59066977854972,12.926421973377117,38.88958864795919,5.818050250352801
106.63287737801238,12.92817325567195,38.908097115175856,5.820095391880156
106.63678702032675,12.933039530639384,38.899922485616585,5.819940193497612
104.25012169927811,12.667071906887756,38.034420965859745,5.695096663998046
102.67605857169995,12.532420348458531,37.29173776392206,5.587794368079678
101.81277392938559,12.453433700607903,36.925010346558835,5.53437008114416
102.02158826462765,12.477875749701477,37.035800365691486,5.551222250868433
101.74741081605515,12.440806658434651,36.919173445641555,5.534744931882328
101.45597030367998,12.405959109042554,36.83446989999457,5.521320695831524
101.39988008168693,12.39556208952996,36.82789856301563,5.520426396955059
100.52661906684216,12.287546559514764,36.49723653590426,5.4716762951856275
101.08543882978724,12.337189264003474,36.68572369938667,5.497744534981546
100.5631682859314,12.300305053869952,36.52234093437907,5.474327812907077
101.06130548130156,12.335372679656968,36.67123300450499,5.495316061930091
100.90671135475466,12.335084332935303,36.66282133697894,5.49715808863439
101.16816211191923,12.367316831985454,36.76596847183022,5.51168779513135
101.42863249023013,12.38946186020951,36.798377371227744,5.515550793123101
101.59039203281047,12.415290941842162,36.868378202344765,5.525685756350413
101.15261004667825,12.36111186495875,36.72441898135584,5.504700051563178
100.82190052716565,12.320120834237951,36.60458208383087,5.48708715534086
100.78197637931503,12.321691051753149,36.606448704814376,5.487210126736865
100.85995423767912,12.32064494680851,36.65986747923903,5.4955692133901435
100.69959656901324,12.307948786229918,36.62071338675098,5.490824637700825
100.54677153441163,12.286367306231003,36.53111473146439,5.476653668448763
100.47606891825879,12.274179568768997,36.51240357346396,5.473450051563178
100.44967247204733,12.269226365745766,36.479720320641555,5.467636472807208
100.45332684270517,12.268137432832175,36.49372421841077,5.470551742971125
100.53158541508358,12.265330716728181,36.5133750474924,5.47204308917716
100.44415656887755,12.25275031887755,36.45924049473513,5.463889661582718
100.08932430186171,12.21395750787017,36.36968636357469,5.4509509505264875
100.090708790165,12.222361118649587,36.35317215316978,5.449024964041468
100.37446698260422,12.260662468112244,36.46208495033652,5.46602554751954
100.56974810369627,12.281771144295485,36.537337084102255,5.475972661338472
100.49359955085758,12.274292787261182,36.52036406317846,5.473091738357577
100.76029058564916,12.294758619870821,36.59062610250217,5.483196170755536
100.45475246282024,12.257853631811768,36.502022667444635,5.46934577521168
100.27133426508901,12.237019309053409,36.435752534058835,5.4604197480188885
100.0375796345799,12.210352749810031,36.335695373561656,5.446110117916848
100.27848823206145,12.253236691950717,36.41475877252497,5.458940274913156
100.16271829542987,12.219994555335433,36.39231606871472,5.454115979836083
100.07180087793095,12.213918496254886,36.341563653386885,5.446515923523664
99.86605573911746,12.19477100181828,36.29564231776487,5.4409012191977855
100.14270448871038,12.208891510394052,36.356867655639384,5.447526833206687
100.16841907973296,12.2284414181231,36.3989319298198,5.455725633005862
100.0949614802703,12.20861970120495,36.38941691204408,5.4525873181719495
100.47987933537777,12.261286229917499,36.47734866885584,5.467014831198437
100.43429723119301,12.262421807153713,36.46397022904907,5.464843325960703
100.5557514145951,12.27068336476878,36.52208015021168,5.473653590425532
100.3046009959835,12.240923438856926,36.40688393874837,5.454496343085107
100.06087550545485,12.222007893915546,36.35616544656426,5.450611719089231
99.96241824522362,12.198080628528007,36.29776378636561,5.439326337250326
99.89518045416305,12.195030937907077,36.3128209977475,5.443295769105514
100.18608116451368,12.2259815661637,36.4116522606383,5.4565262191977855
100.20881391120278,12.220360077209076,36.388235114524534,5.45175662518997
100.12038390821755,12.223500936278766,36.343612611267915,5.447084560220365
100.0548227685356,12.207769078376032,36.35068431461681,5.4478363818931825
98.99778863506839,12.09719404716674,35.95084578878094,5.388910609123969
98.91169678476444,12.077698416467651,35.926439783027575,5.384700746987625
98.87790254898502,12.061763867781155,35.875142901242945,5.376725415897742
98.85069067520625,12.063645330140035,35.87942951449197,5.377461548116587
97.83724269295485,11.938912050857578,35.49146917743161,5.318760516174555
97.61885863886778,11.906973835079244,35.42898105053192,5.308600534628745
97.62305620386452,11.91649266920864,35.44711297085323,5.312403743079678
97.69065866872015,11.918713363004777,35.44830070492293,5.312022531752063
95.80724742523338,11.625619097372992,34.74314455669236,5.204061278766826
100.96822122299717,12.233657101470907,36.40336102027247,5.4508182262266605
101.30019098729917,12.266118581741207,36.574569430498265,5.474922316000868
102.13622813653387,12.346101721938776,36.87866709183673,5.517860959210812
102.15802206022036,12.354718200445072,36.894212372448976,5.5213296006567525
102.43882639491967,12.381429707853886,36.950622744110944,5.528640886208207
102.58067432425098,12.40993871784086,37.02002907213417,5.5402332724978285
102.37648922600955,12.3735167105406,36.92399392436496,5.525868093247937
102.31493610575879,12.370857984151106,36.9186243147525,5.525254084346504
102.17493232332826,12.367294357902736,36.883637256431825,5.520123632897308
102.0921933517423,12.342459224381242,36.835641096531695,5.5123416637266605
101.75836714339991,12.404131499674337,36.887046956415546,5.531406894539731
100.4304172716294,12.267317764871907,36.37284248805906,5.459479228859097
100.07678588390144,12.213322297003907,36.233243239117456,5.434929473784194
100.27529691231545,12.24185505319149,36.30924422628094,5.446328498154581
99.85018097997178,12.126792838145896,36.008687293068824,5.395341165056448
93.87026093682154,11.404742540300695,33.8991053618921,5.073604741098567
94.94370751126249,11.560389556420972,34.44528875379939,5.162549103750543
95.38744088892206,11.593585896792227,34.53367423265849,5.174406938639818
96.5814503161637,11.713147592813721,34.93428959848567,5.232714886153929
96.42131738832501,11.727387256431829,34.951258803055794,5.2376642728234915
96.30617290965588,11.700352207039732,34.84825923387972,5.22048559284086
95.94633273854755,11.664126529933782,34.77907128609422,5.212446655856492
101.38390864158163,12.263019702561875,36.87476084183673,5.52151532986865
101.78249328321755,12.31315005224164,37.10791460866261,5.557175762592271
101.79455423292987,12.308541593166522,37.07886240433673,5.552861162749674
101.82144044452887,12.32164991994138,37.11641617251954,5.558574668231654
101.61760729890361,12.29314811862245,37.02736961639709,5.5449519817900565
101.66409557506513,12.305867177323057,37.0768142945343,5.553041803490013
101.764240935736,12.329132941407947,37.12044666603344,5.560500230677377
102.02884993758141,12.353035612516283,37.16572388596396,5.566751417987407
102.08075404363873,12.361769125868433,37.19496097142314,5.570189528603994
101.96902477746417,12.348335560953105,37.16557377605297,5.566816720039079
101.87384491695614,12.350885309243377,37.1489938395571,5.566116631160443
101.8183843933185,12.323174765251846,37.10322939847482,5.556794127225358
101.68689574400238,12.310066438476987,37.07001312825662,5.552075417933131
101.37675806692357,12.28983001112679,37.024919093302216,5.548461331008467
101.6643343091891,12.314541749212983,37.05016596898068,5.549410754993486
101.59800396222319,12.309665721341728,37.04993444352475,5.549172020869518
101.56319839272145,12.312596680959619,37.079732532973296,5.555702226036691
101.71379806909466,12.310042268237082,37.068202904499564,5.551554697676943
101.74627057438667,12.322905924337821,37.11662988832501,5.559627133765741
101.91535327561876,12.338748032457664,37.17226341999566,5.567233550667607
102.12297902871255,12.353048333695181,37.19976448857469,5.570062316815024
102.11651794195072,12.371066187445724,37.20800908461789,5.573412227257925
102.78864185301781,12.45338705628528,37.41795390862462,5.60402871254885
102.35976511615284,12.40093085106383,37.29560542634607,5.586423449033869
102.28036630210595,12.38823299432805,37.26136637334455,5.580649729971776
102.35437600073274,12.389590768155667,37.30387504070777,5.586685081279852
102.50362977637863,12.42605687554277,37.36418657389817,5.596855663808077
102.7163885251574,12.441702653468303,37.43479759756296,5.606714577453322
102.91300579407294,12.46930379532132,37.44156484069692,5.606840093085107
102.85090439101172,12.474777718600738,37.474951150673036,5.612963644566869
103.02229471409575,12.477114599164134,37.5047967325228,5.6154222244083805
102.95150220161203,12.484098526378636,37.4782561129505,5.6128953742401215
103.04080954190187,12.495595927865827,37.527752523881894,5.621231562771385
103.03128561930092,12.492388070587278,37.53381246946917,5.621186614605949
103.2682209685736,12.51820231084455,37.59050313110617,5.629014380020625
103.18721334943552,12.506098957202562,37.569035293638734,5.62569839272145
103.17761182764329,12.499365213173036,37.58027233499783,5.627481053924229
103.30003197256296,12.505309820071645,37.58844145204625,5.628463128935085
103.32103463892206,12.524937751031263,37.620724411772684,5.634206317167824
103.35856805321863,12.530524044724272,37.6184982054657,5.632837518318498
103.43633686020951,12.531759271195181,37.661392748588796,5.639342705167174
103.45776441394376,12.536685759742728,37.66171671461137,5.639937208260964
103.52364485521602,12.547504698355405,37.68922583993704,5.643254043638732
103.48998546393291,12.537813704271603,37.696377686712985,5.643487689291142
103.5612138888135,12.55388648976878,37.7086133406155,5.64596026242944
103.73680516920864,12.56088441028007,37.73950375529201,5.649800362299175
103.78902009607035,12.56628751899696,37.790641622340424,5.657625583478072
99.39134247448979,12.124654407973296,36.006576001411204,5.397756492889709
95.30907249036582,11.62937099706904,34.48595454637972,5.168806651650022
94.21439723662071,11.499199413808077,34.10119231369409,5.111934077154798
103.49615057126574,12.552481647579244,37.640631784628745,5.636745464475684
103.46968373453105,12.546621000461355,37.65979284832284,5.64018866356383
103.51842705167174,12.550337704895789,37.595587362272035,5.630188968872123
103.38315681990882,12.546983978099219,37.574369707989575,5.628723913102475
103.4922612828376,12.534321740664351,37.60807362339883,5.630815698952453
103.4529265496092,12.535143528821102,37.61416325173686,5.6332776711083365
103.47174498955167,12.554346996444854,37.66403917783869,5.641146992374077
103.64637624497938,12.569839272145028,37.7042007876954,5.646080689589666
103.67783699250977,12.572547187092923,37.69007603872666,5.645251692764872
103.53220493649587,12.56677474014872,37.67122961219062,5.643223088770083
103.51614868853126,12.57351781304277,37.65229752971668,5.640631360589449
103.4993448592868,12.566289639193444,37.65623685478181,5.64071532037017
103.67508328131785,12.564507826069258,37.672016629125054,5.640633056746635
103.49217859517478,12.563370976715154,37.705799839882765,5.64846845486865
103.45819735806556,12.557132934623317,37.67414318619735,5.643368958288103
103.6179299928083,12.570885377089665,37.72469884729158,5.650022982929874
103.64751648664785,12.563320940078158,37.70778646398719,5.64610358771168
103.62088215439101,12.568376336571863,37.70890804792662,5.647538536691272
103.74177363764655,12.582556210649154,37.79874374117998,5.660687147199305
103.77936768956253,12.593136415137863,37.777202120874946,5.657910113846071
103.76122559229809,12.576910551454624,37.79372820438016,5.660202894322623
103.68733292851715,12.573294768372774,37.77508362054928,5.655901863737516
103.79634749511507,12.57541666101281,37.77828087684542,5.65628095486865
103.91799546447568,12.589465082908163,37.83451442412071,5.664333037071211
103.71792354741099,12.582840316977855,37.802353163672386,5.662048737380591
103.84463793828702,12.600260275320235,37.80448480921624,5.660469191000868
103.79924156331415,12.59372031724924,37.83321643983391,5.666329838118759
103.91666228492727,12.60163289052323,37.84707022769214,5.667596443497612
103.83679999592923,12.587638321618542,37.853287067819146,5.6684402816977855
103.95104296705384,12.59350151297221,37.87191172180308,5.6692523169507165
103.85275065810899,12.5863577229429,37.86981357536366,5.670485423225141
103.93982585554168,12.590755858526922,37.902988289730786,5.674843275075988
104.06767455153604,12.588784075797872,37.934749257083155,5.676909194528875
103.9962302906535,12.594357224272688,37.93059621621255,5.677788227990664
103.99451632381675,12.599332053300044,37.94415572079896,5.680611057587929
104.09909755956905,12.601280089828485,37.95951951259227,5.681945085214937
104.05985738710378,12.608523529092489,37.95884062567846,5.6833266052431615
104.19700992930417,12.611189464150021,37.98141393359205,5.685344184216239
104.18570376953973,12.611540144648284,37.972386985046676,5.683539897009336
104.23016598594225,12.625924829705818,38.01271863466131,5.690732451557751
104.50419502076096,12.647837060356057,38.07829079936496,5.6982125047492405
104.40880526080113,12.627434409601607,38.04609137537994,5.693502276242944
104.45852980487408,12.650888023094875,38.07011277749132,5.698039920755536
104.5145012958641,12.661700601118106,38.102165907919016,5.703518508467217
104.48702270136778,12.654665789188016,38.113926213770085,5.704501431556666
104.85633803055796,12.68640597861485,38.19934850602475,5.715757130644811
104.67709831605515,12.672599259118542,38.17392650211681,5.7123860182370825
104.8206831103452,12.675853760719713,38.18294369775836,5.712574291684759
104.85343124117998,12.69317025347373,38.21271846504559,5.718038462060356
104.79500541074142,12.68503378745115,38.22556812784954,5.719102376655449
104.85688631336843,12.703691940539514,38.24488608608337,5.722049025727312
104.9772676773502,12.705491987353453,38.269134773257704,5.725711877171081
104.36146508969279,12.693456055959619,37.86566562296461,5.67275148922601
103.60127584943552,12.646363523800478,37.49976847454408,5.621002157511941
101.78878221002496,12.41795390862462,36.782078572785494,5.513375895570994
101.98254484639601,12.443909778006947,36.86127766432371,5.525313025808728
102.2487639254505,12.487630773719061,36.99233760991098,5.545859001845419
102.64615701666305,12.53241313979049,37.115611769973945,5.564389943144811
102.81740316638624,12.552437547492401,37.16594905083044,5.571393376166956
102.9286744701205,12.57202943511181,37.243369721558835,5.582949295077073
103.21015514749783,12.605230439915328,37.295362451829135,5.591472060898828
103.4032948701422,12.631161290979158,37.36365949305254,5.6009251689372554
103.70250378243053,12.66301809121255,37.43855797804494,5.612333946211463
103.86802964204298,12.684722118568171,37.51300231695072,5.62397891337386
104.08980304222753,12.72973431393834,37.6393142945343,5.644898892070126
104.23491989049609,12.733450170294182,37.69030374782892,5.650705262158055
104.5079363194746,12.765627120196482,37.736755556610944,5.657855836816109
104.74855148176292,12.79641873371689,37.88370467867998,5.678789384769866
105.13313901025836,12.83486468057968,37.97729396778658,5.6920613907132
105.07689443796136,12.838643294751412,37.958874124782895,5.689525635719713
105.08576830832067,12.842793367346939,37.985815461490446,5.694857081795484
105.16157932587929,12.845343963715806,38.01635180335432,5.697919917634607
105.32173727203647,12.865546891961571,38.074352746417716,5.706618235725141
105.25884757992293,12.863676454624404,38.053804226145246,5.704713027165654
105.48607878989361,12.878128561930092,38.0953817032132,5.709315973729917
105.51102714190729,12.88269249687907,38.13728357034303,5.715614229401867
105.80223528074794,12.918207484123968,38.2424588851498,5.730561190566652
105.73030931122449,12.910248266527356,38.19484393657729,5.723943633304385
105.81167354741099,12.932129542308944,38.28777342053843,5.737656640116153
105.95053708817304,12.934682682913591,38.30400522077182,5.73898473119301
106.01701712101064,12.945723818117672,38.339995132028875,5.744631238466131
105.99500820940078,12.945066557207989,38.32540181963743,5.74326540789188
106.01840330547113,12.966324919262918,38.374332986186495,5.75281222861485
106.10285836409032,12.962762989171733,38.40811874117998,5.755705872774642
106.2639695505862,12.968431970527572,38.44819215086301,5.758993873480243
106.35427211110508,12.97970971965914,38.48742723485671,5.766784323436822
106.52294391825879,12.991531935247503,38.55986077941815,5.77569466117564
106.43194254097915,13.018231993595311,38.402110952426185,5.755306003717976
105.859536558972,12.948543679439862,38.07888021398719,5.70621412627551
105.76135450024425,12.951500929494138,38.05445639858337,5.704262697432696
105.86206001682588,12.963058968600738,38.06740486254342,5.706061048089449
105.95794802295919,12.96677100860291,38.08831169602149,5.707009623995875
106.01964870888516,12.996519909493053,38.16467650890143,5.721697497150456
106.3877203308185,13.041335350629614,38.26138884742727,5.734797343139383
106.38636510122666,13.032763396249457,38.25700216090426,5.734188846748806
106.546478947297,13.054050592976552,38.29607950227963,5.738499206198437
106.60362036270625,13.051048394756839,38.28830304561984,5.738057357251411
106.64819791779743,13.060714370522145,38.327086951801995,5.7432662559704735
106.86552060152519,13.100921352583587,38.402897969360616,5.755649051508901
106.75514571686388,13.088115789866478,38.37984337684542,5.752936472128745
106.64371115800043,13.068019719523448,38.30576752808836,5.740423072486974
106.90116534479483,13.099882032267693,38.37646378365176,5.750564820343031
107.03652589692793,13.121647121282024,38.47454958545919,5.767015848892749
107.34327210771276,13.154765862462007,38.57704200363656,5.780642775727312
107.40970846450283,13.175798211571863,38.569618771710815,5.780368846341728
107.71713737855515,13.202862519675424,38.68006447093465,5.7968983221613115
107.74898145760964,13.200744019349761,38.694528027301345,5.79780576625597
107.81807442059271,13.22277243676726,38.73663512945072,5.8055482997720365
108.19070573708207,13.267346599544073,38.88005412437582,5.82655011805254
108.53037775116695,13.308169286664134,39.0032010726498,5.843024044724273
108.46767887673687,13.309175531914894,38.92418050165545,5.831191652192792
105.70777035049392,12.934706853153495,37.98678778359748,5.69205036569149
105.10735826910552,12.837986457881025,37.767526816245116,5.65845288414568
105.52430466036148,12.903924992536908,37.90986578308185,5.678723234639601
106.02074824278115,12.98437754423578,38.082417549799175,5.705549232658489
105.87009598553517,12.955108655829353,38.005359008630045,5.694340177892966
105.86926698871038,12.96667941611485,38.03198273990447,5.6989592379505
106.04075950526487,12.978412159411636,38.02791493093248,5.697310997204733
106.12566913400998,12.990624915192141,38.09006213023773,5.706728061902953
106.41688320940078,13.026652565946591,38.192199203484584,5.72214697880482
106.68670789459401,13.067258993025401,38.250278593817846,5.731321493025401
107.11207867455492,13.126471416359097,38.42301990610074,5.75510034465914
107.39712085798415,13.154387619409466,38.47575343302214,5.764296484883847
107.81380943334781,13.215414506893183,38.589601623561656,5.780077531344984
107.88788146575119,13.22988527192792,38.630708417010425,5.787368463010204
108.07759876723296,13.247499864307425,38.66983197866913,5.792815247774642
108.29436680756079,13.283237048143725,38.77682727013678,5.809173411718411
108.3877313558402,13.297759545972644,38.7757485141663,5.809547838417282
108.59770374240122,13.334116251221234,38.86917878853669,5.8240504063992615
108.73972425572623,13.349031833478072,38.900166732251414,5.82758477393617
108.89967315051021,13.36749408041142,38.9468449780178,5.8337503053082935
108.94550713403713,13.376370495006514,38.94093259810573,5.832670277219931
109.0276770448871,13.39119236457881,38.98598380509119,5.839798377795267
109.27500262904364,13.416866671868215,39.07858550667608,5.8536046732522795
109.52687857889167,13.459501702941814,39.16667712630265,5.866495043828702
109.59411085744138,13.466645917010421,39.199722508684324,5.87180825621472
109.70041750909141,13.482496505916195,39.217006774451804,5.8740268298143725
109.82846677567304,13.49976635434759,39.232421875,5.875697968682154
109.91133253500868,13.507477084916413,39.23927986254342,5.876747465941164
110.06663650333803,13.527290745087928,39.310286938911204,5.88635534832284
110.03606708640903,13.532830818497612,39.323660714285715,5.889637412478289
108.29708659560899,13.282444942737733,38.79679867292662,5.810830133250109
108.60974688246309,13.319697218980677,38.86327658556774,5.819456364660226
108.90707051603886,13.365066031399262,38.99343841592488,5.839243310356057
109.07175041725466,13.37856744260204,39.02414818986105,5.8430329495495
108.54719430159032,13.304176532647633,38.831607634742724,5.81564849177703
108.74860236647851,13.332065597183021,38.902811889383415,5.826022613167607
109.22037915897742,13.39735959210812,39.03106851118107,5.8438589780992185
109.19489397321429,13.405711894132653,39.052872611810685,5.848475917960269
109.23095300287669,13.405778468302215,39.039123985698005,5.846146670104212
109.43644414215154,13.424431956958315,39.089316245115064,5.852347820777247
109.67191316353669,13.454232166603344,39.19230521330873,5.86778709156535
108.45231126858988,13.294068707935303,38.78402024872449,5.808751916657621
108.42840986959943,13.281216500895571,38.75901507544507,5.8043414839339995
108.79840832609639,13.327268864660226,38.855575607902736,5.81783653454733
108.89216850303951,13.353749694691706,38.92441160307208,5.828947212196049
109.16507340968302,13.386043255400564,38.96429207487516,5.835141154201042
108.99307501424772,13.372753439806774,38.942221253528004,5.831399007408814
109.07874876180526,13.371072123995875,38.95944954610834,5.833160890686061
109.3248357271765,13.403251618133956,39.03125424039297,5.844000183184976
109.23230356803626,13.40000983771168,39.01966609449631,5.843636781507816
109.32079293652302,13.405708925857578,39.024827924853454,5.843405256051889
109.49409737299175,13.441244691028007,39.094791864551674,5.854292464991316
109.57439939074034,13.433436007381676,39.083855467053844,5.849893057289405
109.64350973933456,13.463078898447677,39.13974681461681,5.860360467325228
109.94702731491533,13.495573029743813,39.22361118649587,5.872658030965046
109.93471618201802,13.500951544181502,39.22992640373969,5.873916155557968
110.03750330750651,13.489230249945724,39.223590408570345,5.869952236213634
109.97142992835433,13.515877727420756,39.24090902152084,5.875849774750326
110.18603876058403,13.531958569664567,39.3149594279201,5.886103468980678
110.43943828362463,13.559416386235345,39.384212253717976,5.8947784649099
110.60908580519974,13.588234096830222,39.413889491967,5.899336887348024
110.6598106579733,13.611630465018454,39.447565420782674,5.905479096558836
110.77559755617672,13.62371685708858,39.49985413048198,5.912269661854103
110.91390009294942,13.64635207473947,39.53085945980786,5.9174047777355625
110.98581461341185,13.654438080085757,39.538598601009554,5.918805379532132
111.1189434467271,13.683783719604863,39.55505047763786,5.92033107292119
111.23777325092271,13.69445339638515,39.627727420755534,5.9318751187310035
111.36313665259986,13.710153451340643,39.65909233540491,5.935281850439644
111.43610279051781,13.726573100982414,39.66749297790925,5.937581839584238
111.51005439576096,13.738011136968085,39.68782057370821,5.9400043760855405
111.61542095229049,13.75705601389492,39.7160183388515,5.944369012565132
111.77083601891555,13.777701639166304,39.704112163482414,5.942591015794616
111.2128656066815,13.688108496390578,39.53450407756188,5.9171011655992185
111.19278268155666,13.666440936414459,39.520836018915546,5.913277603262049
110.8935920029581,13.617201493296786,39.48424312377877,5.908601297899479
110.63365803435735,13.56702195505862,39.391233072351284,5.89447188449848
110.60389132381675,13.570870959753583,39.43634067656318,5.901844655747937
110.91969628609422,13.617274852095093,39.50558374945723,5.911517840181285
110.92747062255754,13.622985813341295,39.52065113778224,5.915301966863873
110.9295267891066,13.62303076150673,39.515786134932696,5.91482025822297
111.06806466768889,13.644056325987842,39.54389018739145,5.916831052567304
111.26108565933022,13.685490901812853,39.593775018318496,5.9252902124945726
111.41946518467759,13.708980134607033,39.648000315485234,5.933336358146982
111.4685159303083,13.713068721504559,39.667415378717976,5.936333467895137
111.5904123866967,13.74429879165762,39.7103688633033,5.941828169100087
111.80632641188124,13.762049500651324,39.74399602759987,5.9458836809324795
111.9441120447514,13.793997893372774,39.786632330791356,5.953411650564481
111.99083905503691,13.814866563314155,39.82451812174338,5.958959356681502
112.09405446021493,13.821566384199956,39.82294196767803,5.95839962481003
112.16748364904473,13.828450662179765,39.83369136384607,5.960655937907077
112.1627030300152,13.84064476023122,39.87078165707773,5.966757015306122
112.22556855188884,13.842201832528223,39.87748275008141,5.966424568497612
112.25604892056556,13.843491336029093,39.86311333043856,5.964183944854538
112.22644970554711,13.856146788835215,39.88582784343791,5.968206381621798
112.3475328545647,13.858879722101607,39.90813867102692,5.969552706388407
112.34733822052758,13.868731003039514,39.90320582188993,5.970483048605081
112.3868429935139,13.862702860399478,39.934853146710815,5.97331393494898
112.35596869233065,13.864404530096612,39.90846602936387,5.97073407986865
112.3058994043096,13.855382670022797,39.91929472088037,5.971710218329353
112.25264727732848,13.856612808022145,39.913662206904036,5.971916725466783
112.3075065132436,13.848818965751194,39.905326018372776,5.970352868541034
112.25028665056448,13.82885180335432,39.901572846558835,5.968554093844984
112.1139240935736,13.81630108825445,39.85973585744138,5.962625176400348
112.04231784967976,13.804100629613547,39.832861094903386,5.958552702996092
111.98678057492944,13.80302738615393,39.856984690485234,5.96251238194746
112.0872223390686,13.812049670267044,39.8616491227475,5.963245969930526
112.0643059833641,13.789217698382544,39.83112507802323,5.95704609137538
111.9413070248046,13.792175372476118,39.83926451232089,5.958848258385801
111.94177304399153,13.781234734585324,39.80661433456361,5.95347483241967
111.87058023841185,13.773121166684758,39.7947611641066,5.952284554114199
111.78059952371906,13.761672953755971,39.7683821035063,5.948032712087494
111.7131883005862,13.749196869572296,39.75685459522905,5.946870844414893
111.80843091891012,13.738581893861268,39.745358889899045,5.941704349625488
111.60659118201802,13.723815573436822,39.7208515387538,5.939727902464178
111.57658446523556,13.711571438748372,39.680381228289185,5.9330560681719495
111.58935483269106,13.726188497340425,39.71756438612679,5.938902721993053
111.54780788645245,13.7158945193769,39.72061195655124,5.9396015387537995
111.48549573586084,13.70359610765849,39.670909886561006,5.932008691109423
111.51622247136886,13.698149322894052,39.686905496906206,5.933739195478723
111.45356727298632,13.69372023244138,39.6820485508033,5.934100476959401
111.40001026175098,13.681122024940295,39.680665758657184,5.933671349191272
111.3714902267423,13.667675314806774,39.65481505102041,5.9291828932370825
111.40216522945614,13.682869490881458,39.669458400048846,5.932730405992184
111.37872518522036,13.671523471423145,39.67318188911203,5.931778013732089
111.2752303381459,13.654149309324794,39.63781361946374,5.926943117672601
111.32527206361267,13.65174670267043,39.66023257707338,5.92875291739036
111.22444230351715,13.640541464258575,39.64201457677486,5.927172098892749
111.170552421434,13.63671875,39.64002752863113,5.9269592311658705
111.00352715886886,13.612480663808077,39.6107225968845,5.92222483241967
110.94509115148719,13.603386717053843,39.60473685817412,5.92151159832284
110.84204112163482,13.582576564535389,39.59811845283326,5.920118205194312
110.63331032213418,13.54815687079353,39.55770793190947,5.914179110806557
110.52117016188124,13.53554424595636,39.544566530069474,5.9113202378690834
110.39401731437256,13.506875373154582,39.505738523800474,5.904770950933565
110.25953918801564,13.496460543991533,39.492600938314155,5.903261371037777
110.23112261859531,13.487542997584672,39.49045996390578,5.903009067656318
110.17415505929766,13.477317289947894,39.46900315146005,5.89868725914568
110.16656093953539,13.475744952236214,39.482817503663696,5.900628087006079
110.15133665667065,13.466057350466782,39.47955960974816,5.899624385991099
110.11365355650238,13.465271605650239,39.454330119680854,5.897081846368867
110.08356033570342,13.464801346070344,39.460831490175856,5.896575543448763
110.06476479388297,13.462467433782024,39.44326863059053,5.895147803137212
110.02081524099002,13.45060451042119,39.4633850548198,5.8975830608174125
110.02470622557534,13.449298045348458,39.43854016839448,5.893617869355189
109.90647940525945,13.431153403848242,39.414073100982414,5.890404923605081
109.87448860860833,13.416809850602474,39.39845361349327,5.886955787966783
109.79632671718953,13.410400072595527,39.39296357672058,5.885817242455492
109.72887902667716,13.413380220771819,39.414358479429005,5.890089438368433
109.73157591660335,13.397852325770733,39.403331761561006,5.886560583342379
109.68043338512267,13.394397253582284,39.39680961314047,5.8862243201802
109.61884506961029,13.382929110806556,39.379537644512595,5.883633440078159
109.63219297858771,13.381751553679983,39.368645771140905,5.8813639817629175
109.62697941543638,13.384217342189535,39.404601335214934,5.88753587372449
109.62118237421298,13.385759573111159,39.37839061821537,5.882849815458098
109.5954308917716,13.37822269865393,39.39726927173795,5.885579356410117
109.59574128853669,13.379224703511724,39.381761306583805,5.884592192927703
109.6477581890469,13.380063029201041,39.39833912288319,5.885694271059488
109.67061009077834,13.385687062391446,39.43070010584021,5.889069623860182
109.64750206931177,13.388006133304385,39.409168238438994,5.887720754857794
109.78122328552432,13.38964970961789,39.43943107495658,5.892455577643291
110.00564057072297,13.418639156127877,39.50196796637538,5.903187164160877
110.21468982373534,13.449772121282024,39.54452412613982,5.909584220988927
110.26508774221125,13.47197269865393,39.57110290924881,5.913977692140686
110.42584782416957,13.466846911636996,39.58860046678246,5.915677665680634
110.46754021588688,13.454505247910335,39.61150791766175,5.917104133874294
110.36261508426509,13.45554923265849,39.62795555389709,5.920797940186713
110.37043988140469,13.461871234531046,39.61714127971668,5.919929507707338
110.39204298740773,13.438492251953972,39.600019420999786,5.916050820261615
110.31112187228615,13.431914130346287,39.59368936238059,5.915536036555579
110.3319434738656,13.44321350548198,39.609617126438344,5.9177936217705165
110.23025503419453,13.435503198952453,39.613527616831306,5.918494558727747
110.27802772538537,13.424254708532349,39.59493773406969,5.914413180498263
110.28125551251085,13.426908770489579,39.624174395489575,5.919488082799609
110.28582241573491,13.425115084265089,39.617095059433346,5.918379220039079
110.24902470961788,13.421278800749024,39.62236586788971,5.918978811604429
110.21084590751194,13.417719414893616,39.5846641099924,5.9134938633033
110.25563039377985,13.414048506703214,39.602546271168045,5.916253087006079
110.21695080126466,13.41538889491967,39.59744889478398,5.9166656772416415
110.21168508127985,13.415360060247503,39.63634898773339,5.920681753419453
110.25424293720148,13.410405585106384,39.6088809942195,5.91699345961789
110.23660544669995,13.409666484612462,39.59717538943769,5.915037366342814
110.29839687703539,13.412139481790057,39.61892860535171,5.918443674012158
110.20238759566327,13.416544402002822,39.616131642151544,5.919348149831741
110.35799602420755,13.415384654526704,39.62585783149696,5.918299500651324
110.23518067466348,13.417144417607469,39.61416282769757,5.919171325445071
110.31824021995766,13.419644553300044,39.64827339679223,5.923018633982848
110.39096550355515,13.422890150075988,39.63191184053409,5.920378565322405
110.35476696496417,13.429127768128527,39.648819135366914,5.924085940892314
110.43812333776596,13.436812208260964,39.677080930443985,5.92734256268997
110.35243856518672,13.420939993351064,39.65609437757816,5.9232594883033
110.48442206836192,13.439634189779635,39.669304473784194,5.925549300504777
110.44772061916522,13.441786613249024,39.70382084848567,5.9319603506296135
110.47108179209184,13.441689508250109,39.704573094197784,5.932030741152844
110.52650118391772,13.447400045457012,39.727979639329135,5.935239446509987
110.51536676006839,13.445750956632653,39.719411925341944,5.933818490827182
110.50315485236648,13.43947899139709,39.70438270055362,5.931615606681502
110.54788590968302,13.435271673496526,39.707508294208644,5.931231851118107
110.50122589760639,13.445739507571645,39.720560647796354,5.934037295104212
110.51737501017695,13.435607936658705,39.71309925233391,5.932096891283109
110.51763282606926,13.436499691299392,39.728423608472646,5.93429341483934
110.5439711788971,13.439735535171515,39.72918009457773,5.935076191380808
110.4878114144594,13.438753036121364,39.71174741505645,5.932269475276813
110.45508787790382,13.443230891093139,39.73512046108337,5.935818260149804
