R1,R2,R3,G0,G1,G2,B0,B1,B2
118.45108621906209,29.890142219564254,35.358782084036974,114.68283896005211,26.512452698570996,-18.502551223383435,69.92816986335758,23.46145939681579,15.551248852881995
119.25056694053951,30.951183309126456,37.544396380452625,114.49363559419778,26.56743629642735,-18.31815647784778,69.73170312839231,23.594147423205282,15.26286041574987
120.25220330818497,31.89763400315809,39.26959595394207,114.36646154472427,26.51297906523018,-18.075618146135913,69.28489080140035,23.74419046989884,15.366237231085915
121.64766532444095,32.860443476263896,41.069903354462156,114.08380543041685,26.378211160866254,-16.59426890501378,68.6450384009987,23.8513465254027,15.713760891427942
122.7014559813287,33.28921168980325,41.77527815325428,113.84763419995657,26.208714777420468,-15.256290180128826,68.33144904404581,24.001975719612616,15.811806621020787
124.11413992957556,33.72064760923004,42.43323441430891,113.5468130902627,26.140734885436743,-14.258447952343486,67.69198887999349,24.156902524410203,16.051887114175248
126.07371583939427,34.63807404076576,43.67862171929342,113.13993084767152,26.14908467367244,-12.446010220882295,66.72748139315567,24.510891656089505,16.392860935604485
128.26474130210596,35.296685388989886,44.57749021813262,112.64203153834673,26.1267067870466,-9.91802073281994,66.0583834265089,24.88347727480932,16.626388940869795
130.77433603926943,36.162142464423006,45.56888429658684,112.3326991118921,25.958417869218582,7.3942186148483,64.99053756309705,25.389197725305234,16.900658575426473
135.2221995596776,37.73149196555916,47.10801473042263,111.82883908217542,25.932996854717214,13.03356289355304,63.084930406670644,26.264057220641075,17.315447003374143
139.45088988886778,38.812835932241356,47.8322153891428,111.49353764112028,26.222234063637277,14.731586780585411,61.59218147864199,27.11688387549561,17.750624044414014
143.84067953145353,40.05973929635749,48.378444696649495,111.45679251587603,27.040612486919656,17.205815546035197,59.97300905069475,28.033825567061765,18.36556589726964
152.44441396073057,41.69247685058597,47.969096089150305,112.0545878507653,29.76093993946491,24.541362729234788,56.90575387402301,29.514953894496195,19.558472974445102
159.17445443104103,42.558845750323705,46.76804064124152,112.41627683320668,32.090705033945035,29.243017929469328,54.6527643969822,30.485680259153145,20.412860739777617
166.7075261038591,43.241914741936725,44.86305207454231,112.50899472155884,34.64673559346127,33.14545224447453,52.08674571889926,31.63565216773367,21.752609804107706
175.2549180077616,43.363283651183124,41.885426387950446,112.32013567561333,37.5232613884902,36.51576054870281,49.25366581971885,32.71590889798387,23.70555140303321
188.0398418842271,42.43184148486933,35.060159278980215,112.26802675857577,42.37951770973634,41.985019454361804,44.69535744816544,34.043331962237325,27.28088939511776
196.07972532430526,41.20975438825609,28.538083788743315,111.73780844618433,44.96891695144304,44.307542604168376,41.7690741356383,34.814654223547386,29.69368928665601
203.39247805172602,39.951285834210665,18.512859976007523,110.97874587833803,47.36410133332592,46.746152366571124,39.00789009919127,35.47425584099506,31.587593583590582
212.77540673849327,38.573091416765976,-22.91305585000635,110.12614787437582,50.69368590367337,49.50064238331287,35.17602040816327,36.431484454228844,33.958195821017355
217.43137093600737,37.86406908356713,-26.527600208853666,110.43952139532675,52.52172320756476,50.64166212230105,33.78167785565024,37.14683517765983,35.13367627415541
221.9082510414405,36.466696021496276,-27.483101412437787,112.60410249538646,55.60223374498707,52.19742973973129,32.805173449033866,37.93170893975069,36.20852827294684
226.96242545389165,33.22751480411874,-26.03153087435059,120.56312248968736,58.43990535022727,52.35513304037863,32.27788906453539,38.62327736156292,38.69908041981859
229.6616497164025,30.78924867768958,-25.13547530488517,129.26594854198328,57.95318991548679,49.39531747051686,32.075531999701475,39.199659246070894,40.96759591646068
231.85543609897417,28.66382859813051,-24.256445660721084,143.64667688884063,57.162966146296746,43.54766363833583,32.507548747557536,39.9954139727036,42.64225961814968
234.4396655686876,25.995161011101672,-22.937651603046977,167.0744290734911,52.494377955240864,42.9390321942861,33.89437265930308,41.86441915082894,46.104998598476506
235.8572492910063,24.484480427254084,-22.09178577268662,177.9623974672981,51.529544357744264,36.88820901446003,34.9597255956904,43.193272051123856,48.021051315173345
237.1114892599327,23.074749593474756,-21.245495818674236,186.434608900076,52.147913017002985,24.502593819268295,36.1762137700825,45.01887466031953,51.32949700116907
238.31558615800043,21.799819194232985,-20.544705069712663,191.86653744775836,53.14105858852484,-22.237959560503363,37.37843938273448,47.3115466642546,55.45580133629155
240.00178435735995,19.937768177039377,-19.464084947566086,197.56077458410226,54.50011557044278,-34.435587625945494,39.45642911419887,50.2735762902937,60.09800436989105
241.08535190173143,18.702408268324564,-18.64183540885829,200.3150209136181,55.35180905946948,-37.947912326253764,41.46315861783543,52.57538589598733,63.19006763898587
241.90934379070777,17.746340539037547,-18.028296677060197,202.10269383684326,56.028215779676586,-39.781653429184416,43.012584214204296,54.217817805653844,65.24825204347887
243.1261368493541,16.347439807954036,-17.07048856045385,203.9585035144377,56.54781923622833,-40.904873034940316,45.272865895028225,56.00133406844975,66.89890149731862
243.94330721816652,15.402635369073488,-16.40070119456322,204.6508222970039,56.607116359992645,-41.15322771539533,47.304287206904036,58.013063698362146,69.2494517199255
244.71900103126356,14.452537007928163,-15.664291295170017,205.26597525645897,56.50180211255868,-41.18668645838856,49.039756652328485,59.47375777403393,70.81209492057484
245.69762817859856,13.263063143138925,-14.733579920860638,205.88267807954298,56.312265823356974,-41.30290599846559,52.66614410890686,61.8073514480022,72.38094995752245
246.49070548265848,12.298218964502334,-13.965392840659339,206.40052504545702,55.942718334855535,-41.104995083710314,55.73718298822188,64.0732157247184,74.24252738723713
247.04281694393183,11.60386685491581,-13.401320266569368,206.58875184881134,55.760033989454485,-40.95052842937538,58.20613228669127,64.99600943220848,74.09022608696019
248.12438302282348,10.249954655667047,-12.186031332889362,207.22488712073925,55.22498710690014,-40.706681201054764,63.16315802418042,68.91837736137695,76.58778125414828
244.47612022701367,14.608756540216127,-15.806334032701379,201.62292814399697,60.3995376123611,-42.49749239501881,50.91893640767477,62.245347406861875,75.00200326393905
220.65446309840425,41.656394636759934,-33.95464391763916,167.7790742543693,79.64416969535682,-40.37074847889882,13.882245559460486,25.57425078881245,40.79155017223991
211.2496306617727,52.096373811469185,-40.07328379888249,148.4396269811116,79.6800691449796,29.900089476118303,8.058803225412506,17.880453505755266,33.737809186041275
211.3219327541522,51.665886422264194,-39.46087815430939,149.81681926427487,80.55817560094358,27.30639064474258,7.763423812011506,16.846843526043653,32.31489588810204
212.769258168693,50.08661912432665,-38.60957617033564,153.53381204542987,82.33460216159551,-18.89091582077046,8.426466921542554,18.78172902204304,34.61147398130739
201.2975297166739,62.71876356076803,-45.871873377939615,124.62262792417499,79.39384117063457,54.483712494051545,4.374806638080765,12.862483025754713,30.84411759535542
201.5742938049555,61.94554184866261,-44.83212247581887,126.36204602352909,80.77817561498121,53.893610774039104,4.360801044154364,12.845095040788523,30.81066501882034
202.2122596545267,61.04903752098468,-44.09411770386412,129.28615995101498,82.6311645956388,52.32474763979906,4.30562208260964,12.927709910342974,30.87807716237306
203.17635751940404,59.95945151315909,-43.48619176475178,132.23748320804387,83.81834669281524,48.94478254988193,4.341282939372557,13.236835865592985,31.14162592375202
204.1734825329733,58.767883695878616,-42.70758043185279,134.99235160320777,85.0777636191183,46.287969604980745,4.369830960974816,13.593072463684873,31.52280119985784
205.20057694786692,57.53118615625801,-41.87614966246126,138.17903914391553,87.00404494489618,42.75679390296042,4.268812927431611,13.881158561868265,31.959859292823904
206.26922466958857,56.430679281234255,-41.41119401659578,140.28271378365176,87.55396703995373,38.96422530086957,4.656644780585107,15.096297163064332,33.0324659566005
207.29465388216457,55.2619402192477,-40.70698331729813,143.09151955330003,88.9771367272978,32.7276732674985,4.8283463485128095,15.779734208521795,33.827609427904946
208.40508389193442,54.09353295089623,-40.13393502731936,145.7399858879722,89.81255023906816,23.86909144555311,4.819692554548415,16.301289458609705,34.6277792538544
208.6341584007273,53.72785146833941,-39.7845189269066,145.5544907457664,90.34892806688863,22.6810588962001,4.8020643929114195,16.863737582894093,35.4721753717465
208.16121507612354,54.1822353215284,-40.02403466187316,144.39589241614198,90.70385917773035,25.39509744044532,4.667467111512158,17.0808633863684,35.89041077141534
206.71764028916087,55.71296281842089,-40.7929957293033,140.53848919887105,91.25852176591043,33.51005895360328,3.898819983445506,15.701144083267936,34.49540566965509
206.79867123046026,55.5673909354649,-40.67821072324066,139.4753616207121,92.08008011896393,34.47111720007913,3.816737000651324,16.277819815627822,35.32157868053942
207.17664841036148,55.21621148805578,-40.641537742237304,140.0625602135801,93.37094311314095,30.62086815545552,3.7527638881350414,17.09900478633272,36.46637337506344
203.65872596545267,58.94394649037438,-42.57516009633983,134.17306739850196,93.82384490892387,38.35587272211998,2.8807821998480243,14.318704015393479,33.25044410900229
200.926338861675,61.61916065957712,-43.72818515011981,128.47423282810465,92.83173045249947,46.03224402244825,2.475532084509336,13.403581606474196,32.47427312410889
198.22283646670104,64.05204610075737,-44.389849594805966,124.41663599449087,93.29925613978641,51.87723004693092,2.1237291542281804,12.6529831304439,31.810186593350274
197.73498900890144,64.57416055016856,-44.695463281405864,124.38932574359531,94.20085030285033,51.809520863059774,2.0211281819908815,12.625064743786194,31.84990268417342
195.5068257605569,66.75738824279738,-45.587380897653226,121.24811938571972,94.3776260150365,53.75844669079722,1.715877557805037,11.951902416855834,31.335245787724567
193.65838630997612,68.61754951665297,-46.38964699411141,117.6179919025456,93.50643114412249,57.37469053087931,1.4449703002876682,11.594199304168567,31.151760138888104
191.1426379145408,71.2010980654737,-47.612604300791034,113.1126494314481,92.16389701711407,60.05533387780983,1.2135258358662615,11.1667712029284,30.933470734732822
188.21877544235778,74.02487897879504,-48.74422136119747,107.58506567520625,90.36981138163468,63.87464911489935,1.0317312846016067,10.986277750158752,30.875560548271874
187.94887400605188,74.04351326696171,-48.2478386284859,107.36798426983826,90.3228197549163,63.27559271604142,1.0284725426074686,10.971523947386308,30.87412361280194
189.14130939942467,72.71602413817885,-47.52289272851719,111.54692249240122,92.83859074079065,61.17985173740103,1.1043908421081199,11.173019714204825,30.985337961480898
189.47780239090318,72.41426162352802,-47.47982133801327,112.03632956673361,93.31051342879692,60.90542099242073,1.1146161257056013,11.234632982209732,31.000485931724786
190.16474986769973,71.61250843157248,-46.95743054574242,115.71025140441814,95.48685152123765,56.944795987264484,1.0965630766934433,11.277544447800766,31.031134287466553
190.17174185166087,71.3674066345067,-46.51290120916541,114.97279067045702,95.28928362317407,58.194138184329745,1.1548167471775945,11.46237606490893,31.156035052220343
190.4690709977475,71.06292328340118,-46.467062122471354,116.044006798198,96.30113601195593,58.14248344120556,1.212896561550152,11.759507038611872,31.35227005535982
191.64168976267368,69.8662518368206,-45.91746279279248,118.38895089285714,97.57422806667546,56.005439677567985,1.2461984877062526,11.923961027161127,31.47627415730813
189.4392444976661,71.8621442651649,-46.47713192512934,114.51664693470474,96.23265820532345,59.19992681299328,1.0849337989850196,11.53016911596676,31.213461009599403
189.36524115962874,71.87423838277492,-46.35976028721139,115.58093214014329,96.98568207673645,58.25935971340886,1.079487862299175,11.534060271507064,31.236992690308398
190.65573903264763,70.48612662829024,-45.597643586034394,118.16535751601172,98.44523707935724,55.250036968437364,1.1836378500868432,11.875028858267935,31.442229762852598
191.5683347807208,69.57435452122972,-45.30453050503355,120.34237611267912,99.62151920341901,53.60762557892381,1.2798973146439427,12.24199721929888,31.74405121268493
192.16150639112027,68.64166575181734,-44.43658400709583,121.79005602407186,100.73762523186022,53.24550129570395,1.4261446516771603,12.843954553114047,32.28005165299448
193.6121308313884,67.25517358069803,-43.92489338262277,124.88382340968302,102.06791414054119,48.4697007441984,1.6096328158923143,13.640104249881034,33.050828664679386
194.26682163889492,66.36713032779167,-43.39342324431927,126.02079700730026,103.1064472955377,47.7967664359426,1.8884352610725141,14.794879906201102,34.289083400892444
195.6450129586409,65.09536078535125,-43.08982651466327,128.13369238154038,103.91134297266545,44.88510495130733,2.207762717786583,16.108612782179122,35.7396955166173
196.10713607251412,64.3721956787135,-42.48094745029984,129.75283046230462,105.18153736301687,44.172526798178865,2.261346867536908,16.434504453653382,36.237517507945995
184.24540595826096,76.53178211979105,-47.691600835873935,109.96112322921189,96.84589803627034,61.55389967118315,0.7426509749511506,11.080501611695901,31.003095220759562
171.23198850683892,89.17077416714473,-50.73315520741467,81.74593727949957,81.98478665363274,72.04652666257483,0.5176862550206253,10.791309592200987,30.90129366077613
172.02102090004885,88.37361752015234,-50.541596437102726,85.0053640971016,83.42094954150087,69.98668095266902,0.5174725392151541,10.793820017849118,30.90618323435716
172.77038738533977,87.51595418056723,-50.14866436495462,87.11663158448219,84.82922737903411,69.34742048431896,0.5159447256296136,10.783770744476463,30.886849190104368
173.7565509830927,86.5043879853253,-49.916297604039805,90.32495869857252,87.35613174910277,69.9719758035297,0.5142366953430308,10.781194287576042,30.882186334431566
174.7877250800586,85.47163457639277,-49.62638309732114,92.74648259403496,89.0388740657962,69.55743556818456,0.5162856532240556,10.783237998738723,30.88446588750298
175.70503063259878,84.5778884144095,-49.49417411023961,95.75060171176183,90.98913296589996,68.26688695645826,0.5131015421461138,10.781041782682061,30.880162296433337
176.73302697907621,83.51542178424462,-49.11172412625157,98.4244217800152,92.61795929612899,66.65232434769655,0.5158883284031698,10.77741448196145,30.8664346651432
173.31895599829028,86.71322081359206,-49.537649429967566,92.03787391785171,89.45465173693208,69.52438039832028,0.5022279024641771,10.780894033062145,30.88836214337268
171.46534750868432,88.52690511388207,-49.8625354567965,87.08394197107035,86.77816567303302,70.93381802014451,0.49628159940838035,10.78632249748403,30.903511249881817
172.10936948748915,87.9712191197354,-49.963456865138994,89.69378426237516,88.6986224584168,70.2301639123223,0.4913775849435519,10.771686662448925,30.8772058208559
172.31344518359205,87.69162070622514,-49.670744403599976,91.80820278576856,89.7279367469288,68.31962881126822,0.49360506336843246,10.775859032732482,30.884284597826948
172.5532059066978,87.34777957610137,-49.43048876401219,92.57253997842489,90.84761542826868,69.9693674180692,0.49588427458749457,10.77177675889087,30.874352439302175
172.5316443565458,87.36413578602296,-49.466090715640775,93.65830913482414,91.74327170664789,69.80408459343965,0.4946498961951802,10.78393530674668,30.898893615378157
172.9104513813504,86.9203642291418,-49.31128424553927,94.03856170959075,92.39664171643302,71.26358920326176,0.49596569013243597,10.770619688806757,30.869804177320074
173.18304419507166,86.59792893831921,-49.05024066903872,95.80997951042119,93.06957545638585,69.09135754307276,0.4928333118486756,10.769233091662393,30.865859759357626
173.68252729116912,86.15014784165389,-49.120144107218835,97.1958552702996,94.10158225271422,68.65343517678923,0.49876816584346506,10.761147723988472,30.841601411602003
174.13363556027466,85.85793053270189,-49.41350991704131,99.39479797071755,95.69106558147328,67.90951482022591,0.49869523108445507,10.791672346427685,30.902505646913973
172.50262395516717,87.16853565830466,-49.006562921255636,95.1874134959835,93.34285727642127,70.02280868920262,0.494006628582284,10.790678994343255,30.90926238487192
167.8325396731166,91.4787237715996,-49.059773737853384,84.29242682777898,86.99357517756769,72.22569282114938,0.4904039907186279,10.813223633744618,30.960059932016804
167.31172740040165,91.39981161831243,-47.219475816614406,84.65475102108662,88.01128757894668,73.90655153766328,0.4866105351715154,10.797706747035393,30.93130882299099
166.8329573518237,91.62275434495496,-46.029595940571355,85.06550516649479,88.30098422609287,73.30810779234233,0.4894032579787234,10.78554501776107,30.906638876762145
166.85893993568172,91.28284431167899,-45.31438372420072,87.2287628399099,90.1843723609308,73.4242289457637,0.4896123093519323,10.783182610831972,30.901736726639538
167.73324366315674,90.46108297164939,-45.357959290539185,89.51756328362463,91.59790793061953,72.35717647509476,0.4888910185084672,10.800160915567718,30.933750025976877
167.9766752944529,90.11937682825643,-45.129797475225814,90.8695120834238,92.79421457795918,73.04648585972923,0.49140896385149807,10.789620024043797,30.90757906098724
169.8867675145191,88.2679315861551,-45.174472019656136,95.4650417763515,95.54840567156744,72.31889848332749,0.49664542512483717,10.794590875857015,30.891924636542907
164.65581154336735,92.87535925971441,-43.80426208544139,84.17038365379396,89.27761820478042,74.47366536881465,0.4831418937255753,10.761613700871452,30.86332918865152
155.6633691957501,100.94963663701341,-42.60867705146695,58.144755142748586,70.68993384812379,72.57844074604016,0.47834855351715155,10.776700496707088,30.895584090242917
151.30770835594876,104.94377852815468,-42.95764027976355,47.09321359028984,59.84021961264447,65.81087359429738,0.4758814928897091,10.767469718151508,30.878775881276912
160.71728918462333,104.67886692931593,-66.52843502516266,47.486168262185195,58.061147903501634,64.88199558608952,0.4717547424554928,10.793634914156822,30.93048470298536
160.61295643589884,104.78827984035549,-66.62412285537255,47.11985470717542,57.06284461450495,63.53822660842659,0.4689094387755102,10.765581450080154,30.87714174606807
160.62604101647307,104.83015547833118,-66.66000491773957,47.765983737244895,57.896959020057125,64.21447796581124,0.4690252015034737,10.764340543601216,30.87468268874684
167.91302105948762,98.02618484614482,-63.95640852845271,68.83969491220691,75.55474951039024,71.85244643811085,0.47234797343139384,10.76480141961053,30.874300035012713
174.04812125149263,91.92310956650148,-61.58360323151978,89.33624874484369,88.25356650966896,69.14037645033704,0.4720698036528441,10.748721146095766,30.842557085518813
175.4791359944909,90.41680757549385,-60.96731269414312,93.92225069881675,90.70547931300247,67.59793596186962,0.4709715418747286,10.76263487849706,30.86961807674972
175.2991991593845,90.53469307662931,-60.88219413482365,93.80125744613005,90.65095973789069,66.96979689294527,0.4728737821591403,10.75534347446596,30.854723515768796
175.4155954020571,90.28752553846708,-60.57196884093745,94.46256369070234,91.09216587883702,66.92134270617944,0.47182725317520624,10.747730780079344,30.840174427919493
175.6753962223187,90.07430996132784,-60.60177833707362,95.81698548767912,92.04624672937737,66.44361846296738,0.4721931990881459,10.760559162348066,30.86465306834708
175.54307263962767,90.22808318249406,-60.69864920901984,96.67732263284303,92.41201957900627,65.04909278487969,0.4729106735779418,10.763133633866458,30.869434140989103
176.13844374185845,89.62049253647794,-60.496580607343006,97.03179870684976,93.38200296700278,67.41660698589644,0.4736985385909683,10.777552502888382,30.896321697246176
175.81970357957013,89.96220996727219,-60.67828266129468,97.0988935966674,92.77305734700703,65.5762008770505,0.4719981410117238,10.767127185687409,30.876966610497433
175.93489682275836,89.66891133414626,-60.2724460502172,97.28506168923687,93.36449123447412,66.77832162824018,0.47357599123425964,10.766635451401923,30.874463327152192
175.75708993703864,89.82342710463328,-60.277262674940566,96.58950748683782,92.77680224702203,66.23217968028682,0.4737163482414242,10.763878994892911,30.869495562160115
175.86089390876032,89.79458236947136,-60.40219820581449,96.33908344754126,92.58823475823063,66.49290803461324,0.47484683700607905,10.762687735672497,30.866899184352214
175.58309855690948,89.88080693858772,-60.10851948802884,95.22933953335324,92.06819088829012,67.2282432876947,0.4738919005102041,10.764595120396706,30.869744084771238
175.35692235670865,90.11674140470673,-60.24487355809631,95.39434636886669,91.98421583731525,66.67679072997973,0.4761253154852366,10.777424143232867,30.893910287459168
175.18184246770517,90.26899310548451,-60.24255410254089,94.25184499497938,91.41490535339017,68.01408701152884,0.47281102434324795,10.764838129982051,30.872057230633246
175.36163555349,90.02764282851044,-60.06275863193569,95.51820358296244,92.3658674991854,67.54787321865184,0.47388384376356923,10.76110719840384,30.86257969187889
175.46109100222534,89.85845102115951,-59.92438966613217,96.09718090194855,92.92099923783846,67.79202648465983,0.47722230514546243,10.765304743494728,30.865283323635797
175.47414590004885,89.83751095653206,-59.8684849440029,96.2654630169887,93.04778871211585,67.66903046652398,0.4762169079732957,10.777657856634894,30.891896909004824
175.58886082691055,89.75475576292114,-59.91207780494596,97.16297738344008,93.41391826883851,66.09229380731541,0.4744274621417716,10.758729649282275,30.85752605754859
175.2997173354049,89.91611131747207,-59.782960754236306,96.85315434351932,93.46746494948985,66.67973688181527,0.47526451571320016,10.752573099863081,30.843128502558855
175.1626428164351,90.03572888894803,-59.81337415443174,96.72150540734911,93.3581683762876,67.65493101226855,0.4752195675477638,10.775921842388605,30.887338330269035
175.35405118663158,89.93998765726043,-59.91865544642916,96.83604011750977,93.60410484555993,67.63276572275272,0.4775500875217108,10.75122052160126,30.836203191436738
175.36711753351608,89.95360373041011,-59.98390835503756,97.11947773624077,93.71000600831302,67.33475274335889,0.4774648556231003,10.754059644268626,30.84105663553073
175.10375393508468,90.1480228883194,-59.932230656500565,96.0559854842868,93.30784325021098,68.57317379335346,0.4824133942140686,10.794132107556434,30.914398344312414
175.0724852773556,90.12330308666169,-59.80298775607792,96.49246863805362,93.20449191235666,67.28135952950136,0.4763971246743378,10.764635885016942,30.86508446659969
175.24509725765307,90.03559040768769,-59.908872270111615,97.8339954000217,93.91856566843892,66.22544768429887,0.47756492889709073,10.762929111831205,30.860284858089592
175.28533646670104,89.93537555113126,-59.81688225442753,97.71147051739578,94.17436855578991,66.90290152534162,0.4799187710323491,10.76633040621608,30.862824894625696
175.37183963512265,89.8704175911526,-59.85523217667632,97.2121379552486,93.95249328177279,67.50492955498503,0.48543340208423796,10.78352374376547,30.885952312043372
175.15517718057967,89.92977145931015,-59.580691184421255,95.76488589950608,93.25759937248183,68.91574783002515,0.48428298347264437,10.771491656316496,30.86369206043647
175.10590932682913,90.06480825736074,-59.775859903198054,95.30674493866695,92.96626566470941,69.26704952078406,0.48872097875054277,10.780342650256665,30.86645469534796
175.04139386805255,90.0885725045963,-59.69657193803803,95.18326639166305,92.99014963304724,69.33871222690038,0.48542492129830656,10.771275403908795,30.859460517093133
174.94057598105732,90.19518872642396,-59.74921965059448,95.06214974354103,92.66967645498072,68.77563210814043,0.4864171732522796,10.76785901173601,30.852021695220124
175.07949507096723,89.95149780157138,-59.45613045082858,96.73452129355732,93.86871850303852,68.28334673025121,0.4851679534845853,10.769326771018914,30.85473089474347
175.0379862882653,90.02902328159455,-59.59009778173094,96.92031199115284,93.75941186235366,67.87823839237436,0.48552033014003476,10.76586372594234,30.847333004074606
175.16462053571428,89.9283383208704,-59.61124128833189,97.04797919832826,94.05464945853481,68.27769001492948,0.48579680376139817,10.75535434724614,30.8259452485853
174.97952441448655,90.13512533034815,-59.7281145234729,96.40043387700825,93.48739054188492,68.01352475089367,0.48373724489795916,10.761609297624494,30.842324909956584
175.0609412315458,90.03567568934636,-59.636832961708485,96.48147669140795,93.68773001819913,68.77177493392969,0.4952019953593139,10.784474570613748,30.862076550426007
175.23183542865286,89.96396538836724,-59.80850824916352,96.71393121743378,93.89449410347707,68.86962582112274,0.5180458403441164,10.833271445618374,30.904731047315575
175.24555946048633,89.85169445727155,-59.62667476777124,96.3158740806828,93.945033378187,69.46104533331102,0.540799788998046,10.863939414822157,30.89409659273648
175.1106729842868,89.99213596000286,-59.66608390117677,96.41375761574577,93.76174073375661,68.66752011742777,0.5174551536039947,10.820073963316016,30.874246811507454
175.0235748887321,90.01971808272177,-59.58302935886737,96.25968760176943,93.67478415819751,68.86449951245132,0.5208139688721233,10.82813793477122,30.8861832943205
175.07856176047548,89.98552402087765,-59.58473537618295,96.2704709210812,93.85099890887997,69.04062896377181,0.519120355921624,10.812102128010812,30.85918809018915
174.90012602447894,90.10108939310635,-59.527097927922604,95.13350750040708,93.1545848209255,69.66324687913033,0.5016618100032566,10.785429946520395,30.848758648096467
174.93694705275726,90.16022922106346,-59.7120983998272,95.20913575702887,93.03959616490427,69.41929102371452,0.50278381798198,10.797082090691044,30.869260587531855
174.6503664547601,90.45470823546619,-59.81646435337644,94.85728703050368,92.69266148813419,68.99229909640374,0.49391588417281806,10.779690124706068,30.86053719664602
174.97083033678896,90.09884520958097,-59.63585612931445,95.20970736200066,93.15326552089962,69.78376591005092,0.5124145984856708,10.809075858417518,30.863393086279185
174.93635679005644,90.07070920066018,-59.51706288363144,95.95341249864308,93.6231620306011,69.29602440404713,0.5132130644811116,10.821205846250434,30.893124182970077
174.894619874213,90.18230422221193,-59.707935220455816,96.14961929751954,93.62381410659296,69.12308454564028,0.5247889132381676,10.85463318078879,30.925230684295094
175.04690425871146,89.89076722360628,-59.35340287946259,96.26984715927594,94.04687788519448,69.19264102357738,0.5263922058184977,10.84912307922356,30.905454249365462
174.9498594733771,90.02897788872978,-59.474808884279554,95.45968573599653,93.39676478501165,69.6949594110457,0.5280612244897959,10.835863824314675,30.872214595021234
174.88090347508685,90.0598634723621,-59.42631216382429,96.10313610982956,93.6848375858762,69.13656794932713,0.5231347359422492,10.829560662773002,30.876146929545403
174.7167213960052,90.190846354477,-59.43480636420078,95.83810646100196,93.58477847590113,69.450697068825,0.5065191801454625,10.805485159159842,30.87548037048168
175.004832775863,89.9816693784307,-59.47467720025475,95.92733026555037,93.65659168981573,69.47178189377001,0.5273946347155883,10.845493552372396,30.899430768786488
176.7483420063504,88.27620951222187,-59.00562979191128,100.35551412220474,95.95890186636257,66.90423247477622,0.6483938239524534,11.143095499192022,31.03350341816223
176.6962517470419,88.343189354967,-59.079119258330245,100.41164377985237,96.07194484994021,67.21577997040552,0.6732315017097265,11.199708593646294,31.037747262509406
176.6859196055417,88.29879011024384,-58.96889917354462,101.0405084740013,96.3558310647571,66.28897762891631,0.6624129871363439,11.176764969673341,31.033789739215184
176.66286925341944,88.33270733388572,-59.01405062183114,101.10316282430526,96.4606956191738,66.39571291225545,0.6936201591673904,11.261265725053878,31.058878141004026
177.95453111430743,86.7172080527927,-57.968842324877514,104.67729888664242,98.34726862395839,64.01109603947302,0.841136645815241,11.798292483602168,31.42007206391577
178.00108426848132,86.78254791207299,-58.183655968758586,105.7244622333641,99.04858234580557,62.86669000696717,0.8484916074142423,11.804507845917673,31.38543996608605
178.1131218112245,86.66806945407261,-58.1784297572212,105.42454263121472,98.82942837959351,63.16121692296768,0.8736782695125923,11.900279643684762,31.458579868456276
178.15405262836518,86.63740706421186,-58.1557672099881,105.50772429982631,98.77338937888418,63.06753532370688,0.8836207188992619,11.951352058163247,31.516854774194364
177.77909672845203,88.16380856394406,-61.3246188226979,110.31403799052866,101.35907870320297,56.17173566661234,1.02745993676726,12.601059465250597,32.08628267802028
173.81904801481764,91.0917639712003,-60.22065880088171,96.59623020584564,92.92875265472009,66.70943172229632,0.47841512768671296,10.762562629293933,30.862157016527046
175.7825484083261,91.02998777931167,-63.25235630772883,96.9679714638515,92.40762377459538,66.03956232707178,0.47823236674989145,10.772667894735859,30.885942131463896
181.81602885502605,90.58138565385923,-71.18488613804531,99.0917604076205,90.60541473458224,61.65856932092579,0.4719298706849761,10.760095911556029,30.864609252783655
181.99107651704298,90.61514718732239,-71.48505814129469,99.22996329515848,90.32443622137835,60.800232648522304,0.4696370902084238,10.758560881226023,30.862421323263387
181.86463308727747,90.8139940875143,-71.67078063508143,98.9327643291359,90.13168141448841,60.76083614174154,0.4716152335269214,10.760083027143754,30.864644782254015
181.78908370196484,90.86708145817448,-71.64270894838607,97.70742221423144,89.40411518731837,61.871583764043784,0.47257313829787234,10.775332003104884,30.89385808383098
181.84299224177704,90.79987993825706,-71.60716943405541,97.8703275109911,89.63390365616077,62.38841918590486,0.4704330119680851,10.753676844754468,30.85255127861857
181.83228736973513,90.77165695445368,-71.54780512051337,98.2400109062907,89.80142916941392,61.95610050758159,0.4708986071157186,10.756242073699925,30.85739246422571
181.87857168299502,90.71673557547268,-71.52501341702245,98.69631789717216,89.95944170422598,61.47417918801307,0.4699911630210595,10.748604293603183,30.842814296744397
181.80611566435084,90.5558123984836,-71.12890142353444,99.37529894770408,90.36384125258283,60.54350507271495,0.46964641907294835,10.747194016833447,30.84039152621974
181.08414635801128,90.72979374750027,-70.11615647617904,98.39605651934976,89.59211252458253,60.70955299079059,0.47015229795375596,10.749169423840472,30.84085892156579
172.990937856193,90.05715380183943,-56.37278461083661,96.15782318579028,93.36099167852463,67.85126688107141,0.5052423978234911,10.80581815834993,30.86868610072403
165.29193663835215,90.50856800783426,-38.34394738030685,92.17491112136344,94.85116451192387,73.70874207086892,0.5352134953050369,10.85839160438024,30.890289102087504
165.28469404716674,90.53868879366954,-38.431085825304216,92.12798650876574,94.6337127857139,73.52717484096348,0.5386537261181068,10.865412026737243,30.896133123876783
172.48467988425423,88.6073391878022,-52.69421228299062,97.94824515577507,96.38772018373481,70.70981397770846,0.6925180810356057,11.23524564674814,31.04811886302395
182.829520513325,84.32340243475312,-61.52143543249347,116.51508816625055,103.07593158112776,48.41236072365703,1.8255900930851063,16.046498972691914,35.821481070969455
174.31595380007056,87.58346833674213,-54.338268340117644,107.60626127944529,102.50355540993147,64.04147133868469,1.4053192337440295,14.273788260728423,33.79690902247239
173.87526587263895,87.67958816046709,-53.64776161109367,106.61555961314046,102.07660262685353,65.3538826325821,1.2639695505861919,13.579583000696404,32.986856255492285
173.27677935369627,88.31018869523089,-53.873075490001234,105.20212681149587,101.26150781067298,65.94468391217369,1.1807094347047329,13.180344592301898,32.573844041605035
173.31513964462115,87.9930091838115,-53.18938694160389,104.74491534479483,101.09955175761428,66.6089266354756,1.1753003894376899,13.143974582636268,32.52758717964227
173.00145445478722,88.32486365951365,-53.28435825646842,104.75109826177811,101.12272781185739,66.88685141225577,1.1301995698545375,12.935473740478765,32.33502581865325
173.33935356057316,87.89058800396704,-53.02987320859692,105.3128714584238,101.44733077292719,66.37353722474514,1.2530675002713851,13.495087958769124,32.894264022116346
167.1476114714503,93.8967430194839,-53.75671007016148,90.01274365297981,93.35542624272418,74.41469946742544,0.5459306644865393,10.86073096598651,30.882441812301803
165.21837260502605,95.50686702298265,-53.40322491903426,85.50093331049175,90.75154809690125,75.81353428042647,0.49523083003148066,10.777170493470674,30.8635860308512
165.2211241960215,95.39901607624296,-53.14798109629952,85.79850500705601,91.08547524132915,75.9076580127723,0.5076598458532349,10.806780646032472,30.899609387727434
165.4891085506676,95.21704615729422,-53.29100230274826,85.78104391690187,91.02769427100527,75.90846807930272,0.5131973750271385,10.82876086665664,30.930317116160612
165.44593795796243,95.18579839604384,-53.14404917164635,86.2191324834455,91.45526152286399,76.18203474415796,0.5045800484422492,10.804439141339218,30.89922093080213
165.43315614144595,95.1561076140461,-53.000904757085294,86.29929329610833,91.45023196339487,76.0757384376257,0.5118663156752062,10.815677992957117,30.901776558922148
165.03057450540055,95.46749842985781,-52.879985179389315,85.11634323776053,90.64373748364369,76.1368383663658,0.49484495427160224,10.789773637174768,30.894193330228678
164.94076849489795,95.64208742392803,-53.12080128037855,83.98288916630482,89.83622904233714,76.3854949936391,0.4925072256296135,10.78109355127833,30.881878088327753
165.202405829353,95.41324894014444,-53.058489433617225,83.57722815688776,89.53012969288413,76.49692672259962,0.4968006235073817,10.788705810758296,30.887526042836054
165.14046004871363,95.42675448609181,-52.956611284408744,83.58537098349979,89.60729581706714,76.74879589757391,0.49463251058402086,10.79776029017178,30.909101419884358
165.10425302933675,95.43546456226375,-52.88971479335771,84.28092264166305,90.15573666199803,76.75690229083348,0.5006933042498914,10.796626412984198,30.895479625153737
165.54787870101498,95.16755866682546,-53.27795908784691,85.50620327086952,90.88567953825556,76.26144698767082,0.5066222216945289,10.806137098729513,30.895520332247806
165.5057482767043,95.09343847082283,-52.99647990935816,86.19420872571104,91.29582157141961,75.99635887299921,0.5165778162993921,10.814961792699414,30.882776378013286
165.5521034045267,94.97931957061003,-52.79720580485506,86.09370886818823,91.32197022879215,76.07663384355014,0.5172316848947026,10.829675857146377,30.912248227947618
165.24336505712657,95.32229056325004,-52.97988327476051,85.52384330560682,90.92800097074804,76.33840695519959,0.5096396853289188,10.802595020376996,30.88153009537345
165.14968035917823,95.30539654883279,-52.74131138717758,85.12243413821646,90.8565191397236,76.64717420489498,0.5096630074902301,10.801133886720269,30.878960062478207
165.00487517979266,95.43600484394533,-52.70460463832403,84.935039299962,90.71676801218112,76.59579907005353,0.5055578830601389,10.800098295647096,30.883677962742684
164.91230824943008,95.44323618514102,-52.503676922700535,84.73556824658054,90.54661042854832,76.54405607311965,0.505135115881459,10.796455465435148,30.87619287170747
164.69051152708423,95.63489620228675,-52.49709581497931,84.30469216443227,90.29709206937315,76.65264745117827,0.5049934867564047,10.791416254138957,30.872552459323018
164.47756535293638,95.724772625031,-52.2127872473847,83.43660061265197,89.79539545287072,77.05777566653047,0.5068367855785931,10.802971511658855,30.8942597955687
164.26998539608664,96.04681398979616,-52.565491332689604,82.04256506458967,88.96493664788123,77.45326758908344,0.49533429561984366,10.77613903219519,30.86955884209068
164.2858347128745,95.97952783176949,-52.382358764849315,81.26462511533869,88.51508774878107,77.71229987306023,0.49009529011072517,10.772940084373767,30.8715173723924
163.91692815756622,96.28452828456655,-52.279392627727994,82.23893978302758,87.7351296897751,73.9679573183546,0.4811972495115067,10.768827075320441,30.87824724565393
164.23078126696157,95.91011185595296,-52.06932241431261,84.04426503812961,89.20177955950903,73.90284654318144,0.48127824101715155,10.784669666017587,30.90768311781151
164.0313496492347,96.04912924407003,-51.97177119118158,84.13878763772796,89.50357597263428,74.29741993747693,0.48589263664242294,10.786275111221709,30.905296377171418
163.66792889030611,96.2663459072507,-51.62178273554928,83.26050557357252,89.03150019557258,74.42085556434117,0.4833424643128528,10.789313350591579,30.917075804335276
163.00804444949523,96.64172192649227,-51.01424996605282,81.28803420470582,87.78692204419417,74.93308230350142,0.48437542403929656,10.779314993425567,30.897411114024543
162.73670679209184,96.79918058109224,-50.734296580096455,79.25571562567846,86.68922594555625,75.71254010107938,0.48465528997503254,10.776587297331673,30.892458831445175
162.51073455479266,96.89512782426506,-50.3832196211914,78.03181227610725,85.97520166703157,76.32126532368049,0.4837830411419887,10.775158687492802,30.890102782867217
162.37777406507817,96.92055236922391,-50.06442203410352,76.45719535320777,85.20817424491099,76.89250783261599,0.4838203566000868,10.772786297891075,30.885234434173306
162.13612848729917,97.12212049133527,-50.01243731538814,75.79531962386018,84.83558009253328,77.23663231426433,0.48264873602366476,10.761183298098258,30.863375606382835
162.25658448219713,97.04469214924443,-50.096922826431076,75.65472006621798,84.77583056138896,77.41555819504086,0.480289381377551,10.762160796930026,30.86607892471473
162.0482344699848,97.105491882461,-49.67789847400489,74.69850848417825,84.2640911770661,77.5897759612526,0.4824087297818063,10.76600320886004,30.87314603549601
162.14933307099435,97.05415337186525,-49.768737364305366,74.04639541155558,83.91832823539926,77.75434388754526,0.48521841416087713,10.78157230887632,30.90213577932043
161.91152208057426,97.28159279780817,-49.834116900660234,73.69352432628637,83.58906089054481,77.68940205765172,0.48288662206904037,10.763737734664858,30.86822770564098
161.77401461748264,97.42408882419032,-49.82553679409818,73.36104359463201,83.32851183528281,77.55303197889292,0.48358628690838035,10.76492573529357,30.870577590138236
161.65691192534194,97.49006867252236,-49.67726827894832,73.15988613696808,83.14731559467508,77.49470001790729,0.4823209536474164,10.763566237979122,30.868284789539402
161.72300099394812,97.41176798544622,-49.621187680532834,72.73065702344768,82.90893996997944,77.53975751585993,0.48366431013894917,10.76118701552535,30.86323943821269
161.4722250020354,97.67569804982317,-49.761561762687414,71.9551150164188,82.30697473096414,77.51227279365573,0.4850013060410334,10.760097520202129,30.860633414706754
161.46126909872993,97.69316404668919,-49.73488178067974,71.4232107237842,81.95016576828039,77.53347346498255,0.48450051563178465,10.775081508561653,30.890004677308323
161.2352654825228,97.90396756842557,-49.75488095750792,70.95856203186062,81.64879751925335,77.5326159087801,0.48447804154906643,10.762432975750235,30.865575752125693
160.91912171284739,98.17314985638066,-49.74872918041868,70.27486396819366,81.11911724198093,77.44025944232116,0.48271276595744683,10.764723118332864,30.870655896925363
160.8532073484314,98.12998878519805,-49.40722295701906,69.73154241749891,80.75948523762784,77.42905889791206,0.4834463539405124,10.764893811361924,30.87057851313384
160.70540293910116,98.32414948272697,-49.51720693178659,69.05676359639601,80.30165428255101,77.3709296270594,0.4850326849489796,10.780285137360693,30.89972742925677
160.7180215004885,98.31695011405974,-49.56904778773663,68.73855136303192,80.08980889775891,77.41230177681541,0.4846718275075988,10.765044483383583,30.87044479482826
160.43868094944094,98.51563924951869,-49.393299542804264,68.55133674147851,79.9708828580426,77.34796697620945,0.4838542797438124,10.763645350566973,30.868089073480586
160.31154209522904,98.59737671779607,-49.236571434585535,67.79652050314807,79.45273762698469,77.23477361773847,0.48525021710811983,10.765004443496665,30.870368408299115
172.75521313911202,87.0479894674761,-49.7211746629936,100.78156209292227,98.67807181336993,70.79057559085112,1.2174359022199306,13.259576974606611,32.653685779857646
177.42937031860617,82.65641002637656,-49.4338710996883,109.77877997109748,103.02168897975612,64.81915382874013,1.9877287267965698,16.85941677831657,36.82959587426222
178.56051040762048,81.48460066155204,-49.20486357864964,112.07928813979049,104.1729206757146,62.918444769463534,2.244385719713417,18.065533878919236,38.466192401857555
161.6663357746689,97.39984433648078,-49.47618470640491,72.23294937988493,82.2608046555476,77.19722596437951,0.48764773529092487,10.772967470760893,30.884759340936657
161.33423625434216,97.68671717810702,-49.40752276555326,71.76965167716023,81.98453869342302,77.23624127829399,0.48659484571754236,10.764054563396835,30.867784720757633
162.7426068748643,96.35316544179823,-49.36247362926782,76.22993446048632,84.77006310092021,76.99137491615815,0.4907283807805037,10.770269283384248,30.877225356986166
162.78273710581308,96.3402734831576,-49.437705699620835,76.07049526093682,84.66815059041326,76.95367345656229,0.48954870345744683,10.785392693022747,30.90667179814223
162.05959066638624,97.04665974190628,-49.55647361661391,75.30975604171189,84.12491701079072,76.75641803848974,0.48918318158380375,10.778331960541397,30.894359556615722
162.08554992808294,96.97232166475005,-49.32046952430956,74.78951707012592,83.74151752206775,76.66667064945877,0.4908411752333912,10.803780710612976,30.942922962861715
161.7252636676346,97.27777726623422,-49.20535993319869,74.10649704529418,83.26487397582895,76.65789038921169,0.48794456279852366,10.768052924443579,30.874968611911765
161.6002768128528,97.4619949110987,-49.35467420499425,73.20666445600847,82.55758141042143,76.46522192652849,0.49018349028441166,10.777088542903508,30.891796622025502
161.52216835038536,97.49334687274286,-49.238673979028995,72.65706373141012,82.11580845066437,76.49735834538204,0.48735302797980895,10.765411337297792,30.870140122781592
161.66163741926292,97.35020791432586,-49.246266224557985,72.97527384457773,82.41662120562223,76.74788750708483,0.4852680267585758,10.75748238346338,30.85569020209471
162.025367726878,96.99679802729975,-49.23037576431125,73.50373875447785,82.96272347208942,77.02372314174725,0.48947025618758144,10.760735545466531,30.860130326871325
161.76074345961788,97.22815445987649,-49.19304439530111,73.1308848173578,82.69607575892508,77.03509094339523,0.4890059331578376,10.755663376503158,30.850402621004143
161.6366441190838,97.35294144697532,-49.29514744398363,72.83536759118542,82.47971467804338,76.9482662483647,0.4918843119029527,10.783729814681262,30.903812852439486
161.04917117279092,97.72930848194663,-48.68009659027558,72.23941385896114,82.09730421164315,76.7820067265127,0.49063254789947897,10.792176762582772,30.92100122317683
161.15480911447025,97.77711958295193,-49.12292871327792,72.14921815634499,82.01467527528901,76.7743328265612,0.4899002320343031,10.785888752901919,30.908907854012295
160.77295197500544,98.17772270809111,-49.19773404017866,71.43631565824468,81.4117902788191,76.47282942666341,0.4907432221558836,10.773523706988783,30.88442357507099
160.58908259946267,98.28664352278311,-49.056631585099254,71.0511514363059,81.16966241792215,76.47221328235594,0.490170345066218,10.784455469776303,30.90641044849785
160.61495493310355,98.27576449569959,-49.06396093686851,70.89274901283652,81.06097384781629,76.56172869855335,0.4879462589557099,10.766664910476955,30.87251133144974
160.2160429331307,98.65976887878884,-49.049413812651444,69.64218037613982,80.06091719804924,76.12951613004113,0.4911816787885367,10.777046715004184,30.89166116719154
160.35584784113112,98.4572157322175,-48.88574678685104,69.29884296637537,79.97941770363526,76.5186549248551,0.4927116125705601,10.798738461381397,30.932945023595476
159.83559742048416,98.98866294753309,-49.02366662631888,68.86117928720691,79.6161163599055,76.34401367805381,0.4893349876519757,10.770628195611136,30.879676845150108
159.6071496417716,99.1251006284231,-48.76725844704191,68.63871555104755,79.46509547193082,76.33816980102486,0.49030646168041686,10.770659231728605,30.879558373158243
159.40276058062852,99.29815708178522,-48.68556114529279,67.99110959210812,79.1604078011208,76.3896915835385,0.492388494626574,10.764616723934791,30.86712198981425
159.10288677472317,99.60237797536097,-48.81315722306215,67.34824693674013,78.50043008100924,76.04591386347956,0.4930453314969605,10.779719218834847,30.896323067260614
159.46948528414026,99.25133854973303,-48.69190949761701,67.60331081401975,78.75481026759475,76.30638198677184,0.48728687784954405,10.769105830137635,30.87747003071404
159.28492684474057,99.39791095050201,-48.6682995216624,67.5539208369518,78.74121643515817,76.38149851609336,0.4942284011343899,10.78237568700625,30.901066115531115
159.3717111512158,99.35201362541937,-48.807800168359705,67.45097045633413,78.73503778019798,76.40701755797461,0.49191102637863654,10.764547597159524,30.867156413598035
159.139290972373,99.51720269674941,-48.664404526833785,66.66884057479375,78.22988302312444,76.33897301728697,0.49379121661962655,10.771011875240152,30.87915433117173
158.6330346965914,99.78813718627661,-48.01361818688159,65.73362657064155,77.5123588963139,76.15134248643011,0.49106167566760744,10.78210153735835,30.90144447165458
158.36618973553516,100.121871057146,-48.302807508841084,65.50307386086084,77.29481490298214,75.98087514128046,0.49342993513894917,10.781081724228567,30.898730108056704
158.45884147375705,100.17902345834268,-48.681117046885035,65.48700022728507,77.27067873888349,75.91251447029876,0.4945057228343465,10.776052622510324,30.88882654783877
157.9007854055851,100.62642106894161,-48.45492027971672,64.77437038645245,76.63834369206255,75.55756394093457,0.49333537437581415,10.776013949927746,30.88898234966593
157.92618323925313,100.59231981576174,-48.43152521925763,64.01379272619953,76.07650561942184,75.44641974460679,0.4913110107739904,10.768132444713208,30.874545955496032
157.81496366831308,100.66396681062191,-48.34491504453508,63.7639067927703,75.93122122798853,75.4795122064517,0.4927497761072514,10.768277714819607,30.87438160387813
157.50735411352042,100.86186190986524,-48.00674823621287,63.47391819094659,75.75707001945506,75.54299406721597,0.493933693823274,10.777342215155043,30.891360200119156
157.4399352576802,100.98726761467059,-48.23829294529588,63.29243191625054,75.53561733886296,75.40503781990027,0.4909141099924012,10.7415170369487,30.82318370872044
157.1438879823871,101.19802123027809,-48.00942408222563,62.54538195763678,74.95190677609767,75.12572825413095,0.4913110107739904,10.771834467010901,30.881873142406054
157.0461587976281,101.29483770428334,-48.022807762077804,62.001015574115286,74.61214797277863,75.14182225152557,0.49039296569691704,10.75284250873901,30.845298700106763
156.9263384376357,101.4122131034504,-47.989090542248505,61.22638779580981,73.91757375417266,74.84485501672884,0.4911566604700391,10.756632957133604,30.852542506042255
156.46312808700608,101.86904985633846,-48.10082777476005,60.447227037424014,73.241040159443,74.56461211539722,0.4925695594062093,10.758021286353168,30.854834312846958
156.02913998046026,102.13358787754696,-47.63399648824719,58.997805596640255,72.18442239638034,74.26370300712873,0.4968001994680851,10.772314005628678,30.881218138422618
155.86877171081198,102.37127766157573,-47.951932510979354,58.55044159452345,71.78814440747844,74.16575855879482,0.49056979008358664,10.765336054274782,30.86972567732484
155.29140531711354,102.85435327454803,-47.72785836556944,57.38936857156426,70.77304656210657,73.7252382719253,0.4928604503636561,10.76425569884546,30.867014175608432
155.33067814060465,102.7986787504744,-47.72633852687941,56.772050891500214,70.32892293341273,73.68497580649759,0.49447604008358664,10.77970529563429,30.89615008810207
155.2244499362245,102.89405364749366,-47.642072136007435,56.4585510068389,70.13256488368401,73.67530818878981,0.4927769146222319,10.766897110911128,30.871932595219093
154.61044781942033,103.4295528162136,-47.529231214787636,55.218277196184324,68.86033905261851,72.81222099136403,0.4948750610616587,10.77839333334916,30.893652016165593
154.90831040694204,103.11522722712486,-47.35626366784945,54.973702778983935,68.88865788014844,73.19766387230665,0.49404776039405124,10.764420256242692,30.866881486339473
154.48838810790272,103.53108658927174,-47.51649048134502,54.421063812825665,68.49866147064405,73.07849698110194,0.49497216606057315,10.764451138805194,30.86676806759365
154.18825266975142,103.7851259528035,-47.45720913185788,53.764054782484806,67.82834068209601,72.74189314957458,0.4960979903929657,10.778492553084403,30.89350718184425
154.3736909906915,103.57135681736419,-47.39859622692953,53.361372225086846,67.62225951732722,72.86478911954407,0.49478516473078593,10.774629057575195,30.886340681640366
154.07672482224274,103.81567758302248,-47.21806801610529,52.69552070329462,67.05244807261617,72.60210544798979,0.49740360738710376,10.764832919166901,30.86649667946534
153.6781660470039,104.21972198160522,-47.3333395933404,51.87652357319258,66.26889973995875,72.14178260097582,0.49784418421623966,10.766078492952186,30.868887260049906
160.74610138270734,97.75091861263053,-47.88682140299819,73.71159052051672,82.0702513199523,75.3678020757907,0.5174025727312201,10.79113204778724,30.908244009210822
164.52913361987083,94.14371295342139,-47.9704721261661,85.93015860765848,89.56556954395401,74.48204716490862,0.5295559630102041,10.81581250759242,30.946229278819075
168.72207149981003,90.22801067465701,-48.227384666911185,96.45473592528766,95.65884202838444,72.0061201927826,0.6500819243920972,10.997963630783486,30.959778409339307
168.19974667892424,90.67561752923277,-48.15049714393344,95.53088320600847,95.1119828810063,72.32966180392793,0.6313304826584889,10.952938387094537,30.96372515357633
168.0431286128148,90.81309828842585,-48.12004560374325,94.56036750637755,94.52415797999569,72.63904995002012,0.6168325791087712,10.899705806461093,30.907437366280387
167.23410658312528,91.53740512789862,-47.99583146330263,93.04932425097698,93.4208932080053,73.0620744069747,0.5893039479754668,10.849128960976515,30.89979408262214
166.91120277898392,91.86674377235518,-47.96170704162631,92.18213759905558,93.01502166569959,73.20831429453362,0.574409991722753,10.841460730372026,30.93383029967541
166.54090071035063,92.15515988827623,-47.80073434710032,91.42102437717108,92.50834338102185,73.35047321667258,0.5629295518074251,10.826407132597799,30.92667721916179
166.070016520571,92.54301245135598,-47.579381492853024,90.39248865270842,91.96190462994454,73.51367782402475,0.5652388698165436,10.829247865089172,30.94387789434087
165.73561234666738,92.90420156684127,-47.68710835885733,89.45689682954298,91.28661497067864,73.55566090407329,0.5579178313612679,10.804623142430811,30.907022769582902
165.07604381513244,93.51820396939547,-47.631969199502365,88.46690500502062,90.61398104866011,73.63549222343036,0.5557641357739904,10.803706302730255,30.90931742199111
164.576317744518,93.91159556518106,-47.39319355293734,87.39521480134607,89.9628489170271,73.78028047358113,0.5604438334509335,10.827698380497024,30.95490490796584
164.1379158129342,94.22804210652303,-47.105103459841494,86.12375968505754,89.08550909499564,73.74770184563961,0.5536753181990881,10.799809723342884,30.904505412221617
163.53749949115286,94.64142636917533,-46.53173063242724,84.8185565532729,88.35447425505119,73.8178234733004,0.5638039208369519,10.78562735255695,30.871733094547338
163.08938833179548,94.98502323064005,-46.35010581837876,83.93239541494789,87.6103758378642,73.9479343975595,0.5581446923849327,10.792797667607894,30.88937007096372
162.24136910415763,95.7847595794964,-46.24128152628538,81.88265942181394,86.24645003317163,73.7030427420827,0.562238791793313,10.775887351168922,30.85473370951753
161.33073580994898,96.52417836479164,-45.711604553615004,78.77902379369301,83.95460458073686,73.47116446885718,0.5713946482848459,10.808488862445419,30.914678291950818
161.2189721965914,96.61031756585268,-45.69729362634645,78.25722859788863,83.45035288885738,73.81244091768367,0.5625860799772037,10.800405902566231,30.903433680920376
161.1194247313287,96.66859225410866,-45.57703980143485,77.87814425138406,83.38289913443971,73.99660205106242,0.572262656724924,10.783218746239575,30.86577742945326
160.5117314711789,97.13430846937719,-45.11168858492624,76.73422022565676,82.5281795664351,73.74573010491565,0.5746970663265306,10.769978530179687,30.83862775988443
160.42885087046787,97.27953808113253,-45.29659134764884,75.60541192873426,81.74731230307238,73.66279933169183,0.5732833193117672,10.784682476332055,30.868101240859872
160.33584845174772,97.40021151857668,-45.484089182109464,75.61551932940729,81.65659121582196,73.81130606749977,0.5701204101986539,10.780305767997051,30.86111292861882
160.10109393657729,97.62308735771315,-45.42323011947572,75.01777445519431,81.25898493490693,73.66334228855463,0.5766565519159792,10.780998026927445,30.860349603911743
159.5924384464557,98.06828938087124,-45.219097888432735,73.24489583898719,80.00498576245577,73.36217082080562,0.5808541169127225,10.782825925768208,30.86231447470967
158.74554334699306,98.76786613335587,-44.84543505372305,71.14652465873317,78.2164113556535,72.97685575718647,0.5732298903603995,10.783995999001764,30.86805368884467
158.9207856430471,98.58098682497331,-44.738399528938324,70.4731269336192,78.0184929583654,73.36631348744302,0.5765280680091185,10.780774626442906,30.860361901066796
158.27567727556448,99.20128839155964,-44.721496575650534,69.56435135556882,77.26084307426966,73.0811030163338,0.5778595514003474,10.779325056439657,30.85771424661758
157.87814255522687,99.46923522971032,-44.34431620389497,68.33123151188667,76.27390180365549,72.79493255658987,0.5816869300911854,10.804931624025683,30.90607223340242
157.68878441502932,99.87901576614432,-45.08415406644323,66.8703775476281,74.95720967820837,72.23556292270952,0.5848841863873209,10.791648375554283,30.878911779978846
157.28414703647417,100.05217798394939,-44.34495882372514,65.78761016540925,74.38212166247396,72.43922313228295,0.5822415734910986,10.802185374238517,30.90108530839768
156.64044096694528,100.53459072612499,-43.856016238040944,64.69620891907294,73.58206727987964,72.29641882532418,0.5838329929711246,10.78845733336705,30.87405762512814
156.39826958043855,100.82975551049144,-43.97183181455768,63.382516520570995,72.51764309420172,72.01041655141674,0.5907520421732523,10.813401600929945,30.919607051435076
156.10256662505427,101.0985985174783,-43.967662979191545,61.65759674880591,71.28545391642555,71.64699225062276,0.592669971911637,10.798499262508054,30.890131951119287
155.28893359205384,101.72338669568477,-43.31258041966052,60.06814650727312,70.05520680514664,71.30255432923659,0.5908792539622232,10.78177328748663,30.85860010024768
154.5881149417879,102.07022990429753,-42.30599968094619,57.73638240202996,68.26570637181165,70.6298019906102,0.6019615209780721,10.782367656485922,30.854952617460892
157.66159798360835,99.58831656547177,-43.91701655984537,67.7433739619518,75.00787298294891,72.13313882158262,0.6395598132870169,10.791724490121814,30.8488204627374
161.3788960730569,96.1660870722399,-44.7863696374235,80.47887054589123,82.93334555871483,72.55739977081696,0.7105427194148937,10.829755620220459,30.869079243196484
161.89433873615937,95.6648762067356,-44.80061402923308,81.46026666983283,83.36500055351789,72.57638612661356,0.724037770028224,10.828028814224083,30.855620682748516
161.84682428490012,95.7034361388831,-44.81617616650858,80.94291328566001,82.93432897324887,72.67164959479403,0.7217437174337821,10.826021097898417,30.85338894074811
161.29453006268997,96.0186198771537,-44.06837188646038,79.76363201530613,82.19937845322468,72.75441743635118,0.7314440403821103,10.821315913365009,30.837788214386475
161.01134093098676,96.41966229495696,-44.44901264579171,78.72499864307424,81.36202860567283,72.48247508562405,0.7281772416413373,10.801340407778666,30.801464447087497
160.38619506146873,96.9705609032433,-44.141199554144336,76.98765367184107,79.80352403319282,71.9105832102769,0.7233156311061659,10.813872393871678,30.831132575402158
160.5892763854212,96.91933736070416,-44.612879689153694,76.39660989063178,79.40797819572883,72.1267193392605,0.7290855338145896,10.82484766945449,30.847721810356077
160.17409145340318,97.04603091277656,-43.669206866761044,75.68660315688776,79.05602332985809,72.30270068145265,0.7389724340534086,10.804727281096929,30.804995649380643
160.05110097562962,97.18016272040282,-43.66243345149717,75.23870274506079,78.66710156572714,72.1601782613113,0.7251161019594008,10.82481538676231,30.85056164687116
159.72930179385585,97.52212026816052,-43.79959641813426,74.29336013827073,77.97250638226325,71.93751537391844,0.756920745359314,10.824698989934065,30.832575658628762
159.2277264878691,97.88816749494403,-43.29885332242997,72.54848083681611,76.52265941916548,71.41342558112727,0.7525489002116804,10.824650897381371,30.835499264815976
160.07413054982632,97.29507374937391,-44.1656774738161,74.46007585214937,77.59457112443968,71.64573704618677,0.7631464903115501,10.828062208604846,30.832152634246526
160.09932993310355,97.27148434390448,-44.162187886499865,74.41592572866912,77.69681120739281,71.93879708975824,0.7548527057099436,10.821805887778247,30.82561638140271
159.3850628765469,97.79728221171938,-43.529575553936844,72.9867975365013,76.60024571438353,71.41956756691005,0.764143830737082,10.834818996860914,30.846603764693647
159.10463636086084,98.04161760122717,-43.40441576500792,71.53342871390578,75.63428061393621,71.31564383711637,0.7644834862136344,10.836885503801566,30.85142522291827
158.02375383331525,99.01452791957786,-43.08573781268321,69.12387332758901,73.65006249045872,70.53746593160244,0.7664094726986539,10.832966443702558,30.84612337865735
157.93305946048633,99.07380567647905,-42.98689787316157,68.52641425586192,72.87591077719466,70.31457359400606,0.8004237848729917,10.8467064917827,30.8478909735484
157.41559031358554,99.5163949731785,-42.67747708067367,66.36123653251194,71.19878036762617,69.80023306422994,0.8002601057045159,10.841890389281827,30.840482577519385
156.59646681977313,100.05338140852379,-41.72319552296151,64.1921589197514,69.572965333735,69.56717211976088,0.8024074407023448,10.850761678609587,30.859558299346123
156.25687918950825,100.48467814436981,-42.04785642640709,62.75080737082067,68.4143933740858,69.24180284269471,0.8196967949413808,10.845969291966725,30.838415516301083
155.37081982061443,101.16123227074513,-41.1959019753908,59.585057618459615,65.8270177309904,67.89674369921676,0.8045738574685193,10.828633504199262,30.81775647331584
154.49545981125164,101.96884628718153,-41.15897474007401,56.50548961273339,63.05418537997255,66.24646655776081,0.8250536833749457,10.853844743649137,30.85702522796025
155.3716852848187,101.05705688152405,-40.819384343673654,59.238125203538864,64.85941721377371,67.29121417802739,0.8852787125488494,10.855109336648097,30.812489582535648
165.608040972373,91.64767446015543,-43.67210074807473,89.62953298008033,84.29968305584063,70.79076395691987,1.567623242781155,11.121580171107729,30.802246448323434
167.41046367849,89.99574195653638,-44.017053875902555,93.43906428096504,86.50585365548814,70.54901535202441,1.7662877734205384,11.201811583917468,30.807851243750594
166.47390250149263,90.79342169742242,-43.62047534946112,91.9586392070126,85.3700447072293,70.4761350187793,1.6590363622177595,11.179663800063627,30.849117466999015
165.33427356980027,91.8456187398473,-43.368835477383485,89.28070468546461,83.18861328761757,70.0573966459129,1.7839324725900998,11.214025139353014,30.809258542069202
165.9295119477312,91.34688119935785,-43.70103467081218,89.98194652694855,83.41866983513616,70.29746345457087,1.822225341266826,11.218694165093526,30.786369624838013
165.95046457745332,91.24458404509244,-43.38985792053946,89.47044827738276,83.12519365886777,70.48084860309628,1.7868574956578376,11.196589270822288,30.772524235159377
165.5877150727312,91.62299665589592,-43.52942787753674,88.78112787668259,82.64811862895858,70.46240592131784,1.84898264491967,11.213775890660225,30.757130663833433
165.27987187228615,91.84758379536883,-43.2295361199454,88.10044049202128,82.2319083935336,70.47116278951601,1.8435570621200608,11.218716222792375,30.7697597729064
164.5961958586626,92.49022192868178,-43.08891579528402,86.7119886934162,81.10970940629905,70.17336731710733,1.8399103241695614,11.220599472364766,30.77950700209252
163.77857303992076,93.15608492504057,-42.58367024128657,85.01699422288863,79.73108568396847,69.85427205681675,1.8517541657620495,11.226391985467735,30.771922914399298
163.210703006269,93.68521717257161,-42.45176172116931,82.91396115460812,78.07351210832077,69.37456892218893,1.860692490094442,11.227722985711424,30.766288922476697
162.64287834482198,94.1849335919021,-42.23830159988654,81.43871784085975,76.83464839748633,69.18044986545702,1.8566204407294833,11.220191128068043,30.761226944528307
161.68357636438884,95.02719500921339,-41.80312283255928,78.77245881730352,74.56781253472964,68.2243676875178,1.9190589550314807,11.270782755822356,30.808972128986902
161.57118178055796,95.11793502007234,-41.68621088534774,77.59353586015523,73.62921779181877,68.31350254171488,1.8800015435030395,11.231669447531747,30.75956441764907
160.84407481410116,95.78611142311037,-41.55614564316781,76.07636226864416,72.31725434808388,67.73304947174704,1.9179335547383847,11.24690431846557,30.76074010455236
160.36337072229156,96.16896346079129,-41.021907256848316,73.73810272945614,70.3744997815789,67.09672491067842,1.924971334943552,11.24261504400257,30.75014744295281
159.75689360684433,96.66258190312665,-40.64039655131136,72.29713111973513,69.303650515643,67.0020997246976,1.9545811509444204,11.240926747209464,30.714118689874898
158.86500242550477,97.51252356607415,-40.51173110834355,69.7767136276053,67.03291151789112,65.98664275820882,1.930463067873426,11.235189618430113,30.7302965006831
158.58376726688016,97.68590864674799,-40.10594056329236,68.1735554677323,65.98705936596667,65.99550206560588,1.9714299283543204,11.269286397797085,30.763088309403265
158.06764783706035,98.12077504727111,-39.78500444519557,66.70186093885692,64.79288506313523,65.64767588247571,2.000692880210595,11.272048543670863,30.738905881210375
157.87680895163916,98.24857233624496,-39.453195873081604,65.07498456496961,63.4870873655919,65.20638605870896,1.9547880821211463,11.249147882716041,30.733234621144206
157.37529301115393,98.72803250686201,-39.30750451384179,63.57722646073057,62.20612524246013,64.52843193343338,1.9727406338200173,11.268754243715707,30.76061953101022
156.52146402111376,99.50727486233573,-39.02021199191911,61.15174288631676,60.11153256106987,63.398897643462185,2.0123145252116803,11.306859581032292,30.79635130166047
155.85782259213525,99.98811786968953,-38.18016320060266,58.89959851959401,58.1480952689462,62.38886792267956,1.9881095140848892,11.282504665165764,30.774031387755407
155.53677904838798,100.37489526481444,-38.559454933521614,57.44400985128094,56.83726930701242,61.841159573284514,1.9858468403983933,11.267170074141182,30.74501660726271
155.14844258847157,100.57706527956991,-37.64036965080329,55.72004925640469,55.52330568723839,61.2559610573168,2.0002162600412507,11.269788132265566,30.736683765738544
154.50553032050587,101.12206360500458,-37.241041411088915,54.206861210242074,54.17276845450713,60.4408660236252,1.9832080438558402,11.260136927167972,30.735528760863573
154.0384340737625,101.45479979714699,-36.57874940174194,52.0631555647525,52.376831889523956,59.4148364980041,2.0358622754287885,11.286912541423098,30.743220505965084
153.64733414975032,101.8196027049462,-36.585896204910895,50.47805511832392,50.7836852989509,58.558742937274566,2.006086236023665,11.282750085879771,30.76036535241426
153.3552821727095,101.97238601196456,-35.95410028173226,49.85093364972319,50.03180774068544,58.00773303946127,2.0819472902192793,11.306226702678076,30.732533032240635
163.69662744585867,92.58560992561213,-39.95036613004171,79.8895500603832,68.55921263557282,65.01515701334871,4.062702690783761,12.204459863995362,30.583582429328416
163.15797583993705,93.04717594388543,-39.64936730167314,78.20578627062527,66.84788163484737,64.26030888015319,4.250642419534303,12.299976620014982,30.55497425522285
162.2032984320723,93.86003583039123,-39.04537584489897,75.05257832853886,63.99057487560817,62.94841481142981,4.2681590588363,12.315120109401796,30.593602694230654
161.9459939311496,94.04908305226321,-38.680686624129265,73.87116117224815,62.779966175705084,62.5672328737764,4.351079519241207,12.342112217177002,30.552176673743332
165.42884959834998,90.81181931551944,-39.594229372146735,82.42586308958424,67.58314419183387,64.00507934631709,5.077807394566869,12.772586344835046,30.518756766396738
165.24191145041794,90.9144594340765,-39.25435276548658,81.71964175464069,66.32141809554948,63.09450158129773,5.329847871661963,12.92455779451667,30.52737371569988
164.01105512850086,92.00104434935203,-38.71390381016022,77.6987739327779,62.68443246825484,61.49853198259572,5.398609659954407,12.931139255649931,30.478969415314513
163.92097646073057,92.03329461155717,-38.43612942539663,76.31865068999674,61.67178344408907,61.599919056852805,5.361155965045593,12.925607471473544,30.495418959576146
163.6931757659846,92.19150346190213,-38.196464562003946,75.77086442954841,61.44788159049772,61.871620838049836,5.432880939942466,12.976246778048928,30.533305489612836
163.2098990277627,92.61555135301948,-37.859681705616296,74.12750607224272,59.84381586467587,60.704899380088975,5.442881906752063,12.948567652142295,30.501924598550385
162.5125346016066,93.1635612224919,-37.278892523159335,72.06187242184107,57.9085573688137,59.601378650274555,5.465651120820668,12.964059430045339,30.475640728055353
170.2150540734911,85.95519049265475,-38.4154429795159,91.6910479367944,68.7377284864268,62.90601465476439,7.238561115935736,14.149905660751314,30.460087972741196
171.24061261805255,84.96631493510698,-38.271910265274634,94.21621848539948,69.52515499188321,62.63679360899021,7.620853743758142,14.407759890157793,30.45869142392283
170.09379749240122,85.98785397145794,-37.987417441358986,90.65275294792119,67.14797510455855,62.02449261030349,7.431669883711463,14.274631868199926,30.45970486033335
169.67425852488603,86.32521408825606,-37.78607108006095,89.35328452358337,66.05725735741612,61.60350958017341,7.514332104184759,14.296838101051371,30.417193245325112
169.29063823002605,86.7261081919947,-37.827205609926764,87.53951961436171,64.37857393403851,60.837891498230036,7.509993334102258,14.307254201955075,30.414944572986304
169.58956727637863,86.39241568042716,-37.644291205599416,87.87151270082501,64.96151991923915,61.586243819378446,7.6364711110508035,14.399899743267175,30.42805044329967
169.1948647145028,86.85661347511726,-38.08557375561027,87.67113929182045,64.67173898478617,61.263328711245386,7.629097491722753,14.381443107576683,30.44247569982207
168.86336393766283,87.01189414098441,-37.355367722921756,86.12709560220365,63.38577142288827,60.545321461056524,7.6441848098947025,14.404854451593323,30.481958781909647
168.68340971694528,87.17653248987841,-37.31716485980392,85.66500980378854,62.97155198399348,60.62738901889759,7.614183181583804,14.36137273964817,30.443034695916932
168.49037600412507,87.31887044068381,-37.09419264123182,84.99897806529526,62.48289072407758,60.3915206830236,7.645786830357143,14.37549169662679,30.43579461628104
168.07541157254124,87.6875725895266,-36.97318926663304,83.76300782946157,61.08365987193166,59.58026879457403,7.588201869843682,14.333400234291554,30.424046604746415
167.75879711924662,87.94511942157915,-36.86700154040574,82.90583274533218,60.65586643512964,59.63064922476611,7.73000400293096,14.445859606376333,30.473599445304757
167.18228855704515,88.51369352854357,-36.84766352699676,81.42840944556013,59.26875239921972,58.81054183904408,7.815900371119192,14.470104222631957,30.426307454086615
166.522203545647,88.99967168667828,-36.140453913765654,78.63761813734803,56.82435873103301,57.429090868256154,7.902082117754016,14.486970526098457,30.352548763710946
166.17766780083045,89.3790598631887,-36.372048827432565,77.861785663401,56.090910957714335,57.40512329613111,7.830775245603561,14.451627087202786,30.37596586970085
166.03643133616478,89.44461190226795,-36.07372485864828,77.41097761411746,56.039789633037174,57.637624782286586,7.878050538699522,14.468661192225815,30.355456461483076
165.66237100724598,89.8344218871033,-36.15864613507362,76.69819172682371,55.25334108752339,57.15149934327723,7.832315356328702,14.457908127693596,30.389396015228538
164.86379645774534,90.51245831134952,-35.68031448736373,74.56619253419453,53.32512433885395,55.968906459650775,7.909780551183239,14.503124200341075,30.411749771014243
163.9420872571103,91.35634292468498,-35.30766430390611,71.67632614049609,50.734278219937316,54.23688860347544,8.008756835513461,14.548798856674125,30.363410694880617
163.1299548991804,92.05093524437181,-34.76221568827308,68.52588039038754,47.81202778059921,52.2731697983052,8.060301356247287,14.559279183296088,30.350105775185778
162.53859860100954,92.71089754823304,-35.15835476268781,65.92162608893291,45.45612060354591,50.927096247858344,8.14640889600521,14.607238206066544,30.34856416557961
161.88659026609315,93.11992785886697,-33.996478719580935,63.99059141608771,43.916526337694435,50.068705762858336,8.20789162573274,14.611578267392222,30.362095194978494
161.47163473933458,93.41062941618874,-33.44400533943109,61.977979639329135,42.24249570720668,49.107555715627946,8.27909291209835,14.645083765771476,30.282469489425452
160.7833176156101,94.00283645568251,-33.17641156105509,59.98834994436604,40.462738303914406,47.884578525440425,8.312557245305037,14.630467078937139,30.28633687581827
159.80493725914567,94.7905219149294,-32.29447136086578,57.4028258826802,37.87072252746514,45.76329605434309,8.34633494355189,14.656598098562602,30.27222284006869
158.90253329556558,95.56217614765711,-31.745986930198836,55.02596562228615,35.16895824384515,43.402403816683986,8.40395933971993,14.674897179441443,30.27264802076973
158.1411088288374,96.11434306857778,-30.688338543799464,52.02498990786474,32.33832388228476,41.129825991374716,8.475336602393616,14.725615631467495,30.276568460073275
157.2917937371092,96.7498243736498,-29.845762401259577,49.70961237719822,29.89141213446652,39.2406470951186,8.515797583993704,14.742041401784569,30.311085883525166
156.6662132273122,97.15871556565888,-28.962864131263384,47.607556295457016,27.62302560760839,37.32492081321903,8.603485094170647,14.792521925444154,30.274988681417653
157.20264625963418,96.66540314371403,-29.470561417880397,48.83389447866913,27.67248312792578,37.2891535256905,9.003314291141988,15.034687948010282,30.262110917178685
163.39541197961898,91.23944643800414,-31.900302513443762,61.752376740257276,32.97199449534087,40.21045510293788,11.415651799283543,16.802936903390137,30.265819743968585
169.8900941028007,85.15740783249626,-31.78417668716996,80.2673313341294,39.80107928658778,44.004588784124,14.536812971531697,19.504305264134715,30.54856418922795
170.95140340045592,84.13100099835172,-31.81165935525526,82.772929924962,39.47184124998554,43.38498243397825,15.637262792417499,20.425382376501442,30.61869997951337
173.68598109123968,81.55589946881919,-31.996133807227135,90.09158485535171,41.60156138837723,44.45677125338218,17.55273903943226,22.14945969620204,30.83351014911091
178.34007697161312,77.1658015596135,-32.60147514430831,102.92690240990014,45.29102626491486,45.561871994539004,21.025166308212114,25.090490956323958,31.06088589363612
178.55675469157077,76.90104790992983,-32.25772435286646,102.77245584902845,44.51128322862955,45.01465937160928,21.468681729673253,25.431437161077863,31.082603811729836
177.44092708559486,77.92844234945136,-32.095511141866595,98.80702141228832,40.97120227344803,42.49786291077046,21.707459529689537,25.51002764904046,30.98079978385885
176.81255258087276,78.48603771144857,-31.80013886759632,96.36754072473404,39.45950481505722,42.080164699311695,21.788250040707773,25.510730490283056,31.00112230186394
176.2405197534466,78.97490993564003,-31.500924144128508,93.6993290002171,37.72931862254103,41.08835650448299,21.86624274044724,25.497127230901697,30.935483356884543
175.42293509824142,79.695771715252,-31.21629398137777,90.7846741173198,35.638974482088194,39.62313697891772,21.93000807370821,25.500914388036485,30.91923275992357
174.8041939182588,80.22347880447555,-30.874914583083502,88.08672451693444,33.975897526018855,38.476368117415525,22.14769119083804,25.582082125980364,30.86308638206508
174.14149470459728,80.75076922888523,-30.248914482083155,84.63605809677594,31.91884841646759,37.055589157310536,22.380156741885585,25.665846566934324,30.852297952388593
173.4486730114253,81.30233346974968,-29.845584380855414,82.24785054480569,30.42275499477041,35.822221163974355,22.30055269281915,25.55418672952448,30.79495386364946
172.92945894281914,81.728449625078,-29.577326466120244,80.00537300192684,29.30425045871218,34.963910195646996,22.52126557072297,25.63333612153829,30.761837433877453
171.8647509702019,82.61202932697638,-29.172263500794166,76.91527694854537,27.280938055553367,33.01173545195426,22.634288156752064,25.63314542740524,30.71847140034275
171.0521051006839,83.19039898778186,-28.365501531224517,73.93859232522796,25.95331846075104,31.936980671800157,22.91399931814481,25.725689219243037,30.649510617091295
170.55827996092054,83.50803682359314,-27.93230700597085,72.4269180993541,25.435678291570618,31.55937718980274,22.873391618948112,25.648902588691936,30.617514513587356
170.0751435797058,83.84976978493523,-27.47032332179664,71.16533928232197,24.873664642965164,31.065504734971384,22.997420568958965,25.685687411001414,30.61157197217093
169.74275868093247,84.01373247252539,-26.82237082057863,70.52067064358988,24.686362065873293,31.016139094262336,23.127611658027572,25.73000214257668,30.55921717978042
169.34112646887212,84.25711114171334,-26.419485864087694,69.59306517653604,24.458282793728774,30.854803979054513,23.237301719224924,25.721879211293835,30.48630306443335
168.62341833342379,84.73356127814847,-25.68586757717982,68.5662820064861,24.066894094409026,30.45683532021939,23.257241743106817,25.705539006648277,30.509980003679157
167.98768335459184,85.05608480001418,-24.785303464937954,67.35606834156535,23.830922287519936,30.319113670599123,23.451166362489143,25.733783963662045,30.461997864044314
167.48673944311767,85.21811565180887,-23.535181954123956,66.80222298360833,23.750934550173344,30.33835822586097,23.641526931583805,25.802465687393084,30.422110326248617
166.7879142015849,85.46914102446168,-21.76953335341015,66.09416131811767,23.612224973523436,30.101730765255798,23.640257781969172,25.777391720520136,30.45331513769566
166.3526268386344,85.61791460582835,-20.72003256943165,65.40674018942684,23.732675998771864,30.235563914652612,23.77154840493378,25.772879102241784,30.368874878524007
165.58368457921733,85.88683542049183,-18.254762049015397,64.94791058877009,23.647051887571468,29.968319816125312,23.918905452806122,25.805909199681924,30.339674710105076
164.81712584468627,86.09726776038224,-15.187180321502382,64.2193665531372,23.849882915604688,30.113491902272308,24.07551037369735,25.811391301860347,30.280821304514212
163.9969079054494,86.17457350957545,9.116152898849087,63.4822242726878,24.158249669804825,30.246934984405893,24.257971090696916,25.81801834551304,30.272937878911463
163.27747011371036,86.34146555711891,13.824903104554897,63.07479205112896,24.334171853305218,30.281122696419374,24.28696944203213,25.808151235790675,30.245068707359493
162.56050150279526,86.3399096740399,17.927139934658836,62.6984643840914,24.494543669241445,30.25097500666744,24.31908490623643,25.73988230469831,30.22601668840177
161.4947966137918,86.21734675116063,22.19421201570252,62.12219625217108,24.80062007774905,30.33862155120561,24.557424249620063,25.785007592169382,30.19239281022144
160.64152311523014,85.88926394828259,24.73413897460538,61.542798710242074,25.10190766140905,30.457370725453288,24.74408465181285,25.770157019217077,30.148177886630812
159.63058374945723,85.7992598268082,26.60346501384046,61.347255956904036,25.269301791562818,30.422578267351646,24.753460584699305,25.724361786470727,30.12942131926766
159.1778200309379,85.85208363023622,26.84699547847929,61.265230219414896,25.33133979528287,30.376754495573703,24.732324770001085,25.67071271676449,30.098630523102777
159.07364672098893,85.67038315656302,27.103931944900392,61.1689949250977,25.33704426364032,30.301024909939564,24.79755727922818,25.66525205120028,30.055785388409298
158.71588519051238,85.55355220112384,27.63945215111088,60.791582989578814,25.443677981219853,30.451290314997213,25.124506418258793,25.831478389206364,30.019746103397065
157.8769781433185,85.45990111350933,28.918823189589297,60.79306373480243,25.51516220243565,30.4259867077752,24.957814874620063,25.68595762480055,30.047964385402075
157.02991003582284,85.21486012524363,29.826488520632005,60.49415037790382,25.636102173099953,30.4885476610968,25.125163679168477,25.717826519084515,30.02225602279926
155.83934338363005,84.64777207219058,31.22509604979529,60.37433510638298,25.762392723615587,30.49277908250638,25.168176105216023,25.673580092492713,30.0061801182813
154.70754603370602,84.0522447198249,32.251611274683086,60.02874859218954,25.836755134280665,30.499963099719285,25.515351070614415,25.72948383955428,29.912888548367096
153.0232382015306,83.37740215246075,33.62873550400864,59.964719930525405,25.908619369618176,30.36312995448288,25.492868083070995,25.562055644826415,29.621872202280308
151.59775123480244,82.62079180125721,34.494667619816575,59.71867282484803,26.022650293332617,30.34689402813995,25.62016298374403,25.524352925724745,29.56700564563117
150.13685105026053,81.70050870986617,35.29086020741997,59.536622577887535,26.133905977679156,30.378167286217874,25.74398966701042,25.478575467235462,29.570830035748706
148.01293277450608,80.28177073127915,36.339308503709915,59.19639846463851,26.30060350910626,30.357669106622826,25.970387639763352,25.45339570316859,29.5271265405943
146.23601475995983,79.2320506505783,36.78760453444776,58.909123290273556,26.49848264819199,30.39346337930295,26.255490460811984,25.416408471475325,29.400614313642315
144.01032874918585,77.60052650554726,37.51621626353599,58.56022078878094,26.697070804114173,30.299832309375557,26.590869077019107,25.393744297621673,29.310854474761584
141.22875605528117,75.53332975958786,37.90396980613649,58.24503534791576,27.07633411295535,30.29571264583506,26.73454461571863,25.25195363453037,29.309377099832073
139.6091523793693,74.49551679353175,37.967304234472195,58.0518438924772,27.293828649860483,30.250348081156368,26.81217221762375,25.150993747664064,29.30385902051109
138.26119633358664,73.450489932307,38.04403523504015,57.81893055593248,27.485431010498925,30.22591229101456,26.893299415843465,25.094645310325756,29.26164050525677
137.36872888284304,72.63599426011433,38.02381453989941,57.72920299269974,27.60817123978713,30.201832283769896,26.97889132381676,25.047329150890032,29.24929538965503
136.97155374782892,72.28797247338379,37.863130707322725,57.69089189033326,27.62466785238364,30.160514825087773,27.053036715018454,25.04702286200062,29.215231952713513
136.6753097183022,72.12544088797365,37.755218272742766,57.65106866383522,27.7078652504804,30.213973465305997,27.086044781942032,25.067439679305036,29.25419381261036
136.19792415802758,71.7011334121177,37.777602047736,57.4996416867944,27.725434101017406,30.16351960518343,27.185529913428137,25.024748957115413,29.191288842969374
133.76495247367563,69.7811387682956,37.914824162334206,57.18173179344876,28.004872405923763,30.133490560612824,27.525486457881026,24.943498235130008,29.106894435055167
132.5148091483934,68.90713130011598,37.66371123321671,57.117706524099,28.147936190858953,30.108089753561337,27.591465276270082,24.87240741171212,29.04497869661612
131.08075149940296,67.88271598386414,37.48732996792225,56.82142263487842,28.343953074355873,30.16864143923825,27.936703230161747,24.88906467283908,29.006193828466607
129.53438110616588,66.6148607794837,37.30755367602971,56.756422075146546,28.45944852873938,30.096041470000173,27.832354367943985,24.735595079129567,29.029374851602675
127.23472652857686,64.92665884628504,37.196784910781176,56.501670714828485,28.6543347057156,30.102758430441572,28.104362007435952,24.59106767574461,28.957860019757405
125.50054785877117,63.51509717385965,36.70180992015451,56.349909170782674,28.782714526148236,30.118360203061272,28.34642865623643,24.546149248991206,28.902040749024266
122.48734963566544,61.01107982390412,36.27551588169155,56.08701710404907,28.986669931211136,30.15640588997056,28.652018087820235,24.395860691652285,28.820375050628847
119.60366191855732,58.64741864564368,35.59638440214886,55.837657827426185,29.110832089371023,30.150914499896068,28.965911480948762,24.218969598824724,28.75967761294013
116.84111332365393,56.342984782304434,34.94196650976947,55.77929560288211,29.215615678479473,30.185181594378108,29.149079495495005,24.092819397789118,28.745880199223688
114.63998978913374,54.64533350742995,34.48559643274021,55.77513747353995,29.31531921274624,30.16017680356478,29.354648233961136,23.958053441380205,28.667482537844283
113.39711916182696,53.4705458065416,34.12844458699284,55.64508886167499,29.358538090504638,30.165671712385645,29.591504711924664,23.89784827455504,28.62299768506275
111.90965079515848,52.01253845353487,33.705410929894114,55.52383567289948,29.382401964752216,30.260816301465667,29.815532729049067,23.841359248268475,28.58141610909464
110.3318836843248,51.07644672708975,33.48574648509618,55.60000627578159,29.419329494412263,30.237524717185288,29.792865708450933,23.769796707695324,28.58385222781201
109.92752193131241,50.84615120910727,33.33032990285612,55.57670616451368,29.38628464206392,30.040504116140053,29.86046520503148,23.706326250132516,28.535988161067106
109.82470597115176,50.53731561024438,33.04607277781405,55.5754544005102,29.415214023076043,30.232913160106925,29.8022149268617,23.75301955623251,28.629646349240318
109.44972166060573,50.271465476282266,33.00029112126787,55.55824222142314,29.420190970362402,30.229642584994238,29.791107217488058,23.730604253444657,28.610053573357085
108.32726547234586,49.47692669508369,32.8796146796747,55.585926899017586,29.422461679764027,30.1024132875568,30.07902650754451,23.675734036607096,28.538295307796826
107.00726633738601,48.22251046572065,32.58816045011452,55.603920582528225,29.436973904750356,30.245711503802184,29.91584643332067,23.599081155578205,28.57456166346882
105.09890886208207,46.931873674783674,32.31842934060689,55.55849918923686,29.445539246422868,30.265574860861587,30.16190795633413,23.553927446224854,28.566108789722886
103.91521843112245,45.72133739749568,31.806479989212207,55.391973869002385,29.50016633651313,30.302435314376556,30.333294039025184,23.468370315660547,28.499691304476304
102.46372683049283,44.56047238289337,31.513663332398007,55.288268274397524,29.501830498593158,30.349226311168458,30.58633440078159,23.396145147117586,28.46703552380559
100.76737204190187,43.39952752572219,31.22675672914417,55.47094609951694,29.47596754608097,30.32626935379417,30.695991810953103,23.3012666975491,28.41189834152377
98.5681121600901,41.58023065270695,30.92890204325674,55.42489882422384,29.426510702816383,30.35515252694797,30.85299405666522,23.24449562822217,28.39274199006033
96.086975548198,39.609688502249334,30.442376101983005,55.580741322459836,29.410593925570694,30.306081649337294,30.969412773420537,23.116292917940967,28.349734529149256
93.77450311075228,37.61628474126326,29.994828584379178,55.46648308592054,29.399293438455437,30.31455814420878,31.18186070139492,22.972820602340853,28.33265208936165
92.13553610440187,36.39080076317234,29.76400675086918,55.36078535470039,29.382949736856308,30.333203698693257,31.5295190715914,22.95161093230318,28.290412064858096
90.83230814766065,35.19537540430764,29.666414638794453,55.392151117428355,29.39653020273221,30.451811248586715,31.638192710594875,22.91831848530129,28.304456548653924
89.05642775727313,33.84735897976635,29.398580070068615,55.43718748303843,29.35533655667995,30.37320792535065,31.699286172248154,22.81884942923626,28.23367729113146
87.8006345324034,32.87131653175658,29.338500950139416,55.461085065675206,29.3520271468581,30.37897695911061,31.681130505726227,22.705225751180333,28.275544314538198
86.61599976593031,32.10468786587882,29.324886838899168,55.50919189983174,29.30995441500224,30.39513523475181,31.69987134647742,22.679991822361114,28.22157710891729
84.9653615019811,30.952648392326704,29.358233744377742,55.54156814820343,29.31022727186139,30.381816329704126,31.982111478234913,22.675258118074794,28.189839979122617
83.75178562947785,30.233486801777786,29.435435759317258,55.50282622191164,29.306820535879712,30.425905863152202,32.05104288224598,22.566209579052032,28.16002797866039
82.26517551834564,29.37406045029708,29.481298652248448,55.55807557397959,29.258361338874984,30.361660403296526,32.06544707311116,22.55566403139304,28.164796890814067
81.4761808646331,28.713775196202196,29.537931039876423,55.657952941815026,29.169145579414128,30.344028944914033,32.18796644322622,22.541140871540044,28.146417395809447
81.66994053272904,28.35040940879792,29.545428240668755,56.086997598241425,29.39291782995209,30.38395509904965,32.79208293190947,22.635291534799844,28.042683243244472
87.70861842908705,28.782258226157154,29.508268841708702,61.313492251953974,30.633182506539356,30.228827156348043,36.55324364619518,23.978945664287643,27.55011908232404
92.98279714977747,29.234369497941657,29.324808829827184,65.85154511438884,31.734953199033022,30.069942191571723,39.52666189481111,25.01419260017682,27.201259455614004
98.00493581741208,29.666732261601197,29.198342628275388,70.73225522755645,32.7816680956143,29.733280196380523,42.627850816190836,26.090740986533657,26.87246832329972
100.67484030680092,29.346772643317713,28.95100234851938,73.89803551074685,33.38214803280125,29.417072733725657,44.899562052214506,26.775733483291226,26.646036526760547
106.21323197663374,29.228810346909935,28.695216432137148,80.12991503948653,34.505026492356265,28.803854192135223,49.12223229551129,28.174786549813547,26.223966543990485
109.3111278088363,28.81785353177751,28.623066411798664,84.1533457548578,35.105244235593574,28.52721224599966,52.13302494368758,29.11475384418957,25.676562692874693
109.99102054385584,28.271830548393176,28.592463582929472,85.63713134023556,35.319876226600414,28.29679071355655,53.307430186170215,29.307508112619768,25.478876105366094
109.08029438504126,27.761580135246177,28.790749470034065,85.5639832894594,35.297969412496094,28.3512651201321,53.28520967895137,29.28878382370972,25.462430427911297
107.92819700187256,27.23023064103326,28.895238009180442,85.59816085676292,35.33366878595443,28.323874208096377,53.594992011099656,29.132768122323803,25.418734039598053
106.61526617794725,26.511862215075997,29.018503045164277,85.62999009444204,35.2860386750885,28.31691803545438,53.57641484951694,29.139371914039426,25.510529176583592
105.39490864497395,25.98462811510358,29.19228211009515,85.68634322079896,35.23142918718801,28.264842707248864,53.59599868038971,29.080924470748528,25.54902595015835
103.44415699291685,25.294784913731775,29.469049883919634,85.68705984721016,35.29896690450994,28.338511742007444,53.67170326408489,28.95455018108561,25.56620690351011
102.02321784764437,24.848228677886993,29.705947195824386,85.65653071401432,35.232547803595914,28.37157687587476,53.837354639329135,28.912066477893788,25.52323915569812
101.27657411867672,24.5100649467774,29.879104998495677,85.72523695315893,35.25225779492477,28.36457877139226,53.8195712793096,28.891185009566183,25.564116736905458
100.2505181760204,24.283239197572847,29.996727052998484,85.763660425939,35.19835116859926,28.285194919268104,53.99050533611051,28.781960184995956,25.536208792064198
99.10035398800477,24.09022688355369,30.174713081435407,85.91543850751736,35.14512684575411,28.216737520134817,54.049342060627446,28.723452355403733,25.522973365164308
98.65149651948545,24.005030052820683,30.293850051873424,85.79053900483065,35.16764160491302,28.302424061890015,54.09774741844876,28.671680067923376,25.447517676118267
97.81042475168259,23.804052267298008,30.326934704722827,85.86353016106709,35.11143901695299,28.19956113729055,54.25219864375271,28.606219490796658,25.4392006153959
96.6741877103235,23.686998601893052,30.559416135452132,85.86288774153279,35.10861163053855,28.26634701655089,54.284055868025405,28.631821511894536,25.499663151188397
96.04058988954624,23.598113610365235,30.69113590667247,85.95130247910335,35.057180323426884,28.341482830784052,54.297270628663696,28.561524013085602,25.495662814853716
95.76438341293965,23.635331933938932,30.7318350167001,85.89991103655558,35.149834480613926,28.338671459135096,54.3878560233934,28.52242582938263,25.463301684676445
95.32192554548415,23.588955242415313,30.722012607103057,86.00629443931828,35.04275694404095,28.09028428746908,54.328164011615286,28.497901581930627,25.48590073367713
95.083526836599,23.592175958262583,30.76841765196011,85.96520121512701,35.0986123765656,28.326237665909428,54.423585998561656,28.422938649238073,25.46046313642203
94.5025344828756,23.481356410000704,30.646354892212667,86.01709429616261,34.971167480818444,27.77925643912761,54.69783892612896,28.393538969232495,25.43228164986223
94.13380560003256,23.59392893957241,30.99655986441836,85.9612101572677,35.089654875863374,28.373107766117176,54.64818901297221,28.34081985676765,25.508995752516174
93.31857393888406,23.610785448930248,31.040631734007622,86.00896503880807,34.993872898269686,28.265524841768702,54.58965293231655,28.322379908492366,25.525946678197805
92.47150201503474,23.725277164088343,31.154205874983912,86.09622554141338,34.96394606145571,28.202643005915924,54.63912856532241,28.297499971297142,25.567454236512773
91.86511140360399,23.80809212445104,31.23875689544508,86.16246005549826,34.88713520342899,28.266699892252635,54.529213763297875,28.227290655419186,25.571735891845897
91.0287782749403,23.89548824654638,31.299361820538277,86.0479881031535,34.79062748985659,28.174805432770917,54.893042023990446,28.160937301467552,25.495391821680624
90.44568014207013,24.02001981741256,31.462204441066238,86.23213946482848,34.82229399226011,28.31606182378875,54.821381079027354,28.14752949796039,25.516258848277356
89.81797392327942,24.060964732385752,31.334575656591532,86.20370126940404,34.7052137390483,27.976295642971827,54.81282396602258,28.100332637487007,25.521301131827936
88.86672190485237,24.29946502940682,31.600509458755212,86.36519621146331,34.65224422117842,28.21502209316252,54.85822034099544,28.08390749458859,25.58367867049606
88.47825992930417,24.457528028444106,31.673287075908494,86.13354736010095,34.717893480197546,28.314049522106014,55.02315254559271,27.998220552437328,25.61154481338281
87.79474462657403,24.587900140031497,31.699635715409386,86.27738742604755,34.68146173325229,28.236262885390627,55.094981834156535,27.954427117671475,25.63572370247624
87.14285629477855,24.80580186901356,31.85237206713623,86.3416726314861,34.62188564116387,28.26763170245388,55.16326997055471,27.973061063157953,25.577908934996167
86.97310276337929,24.877489517795667,31.813264135485692,86.37580694678137,34.577545229540114,28.306129032431592,54.98344465778332,27.954510728131638,25.605448969601277
86.59840043896548,25.00247215989826,31.865251003210883,86.42709280354428,34.582061571011714,28.31631020754268,54.86724135299067,27.973593637148046,25.621085488624562
86.3546406012538,25.127599553268883,31.91007438626099,86.35830048442249,34.572503762309715,28.34723244023665,55.00750846382436,27.915633934606756,25.61637733133287
86.00818141418802,25.279222053915,31.855073147707824,86.3041311604429,34.51000220144942,28.353281211544804,55.282779933782024,27.851645906408837,25.57801204649353
85.43511605107469,25.476907503920387,31.94633694668215,86.43092187839231,34.46634436736504,28.25262056076825,55.27619121119192,27.89639386560706,25.607551738799444
85.14732948531807,25.63374934034921,31.994380113562723,86.49597883535063,34.43921306917677,28.29505766895262,55.0929091300749,27.887350248647742,25.580008338481193
84.96818305946049,25.699296814425125,32.01750948565693,86.48423337087495,34.411893194541044,28.311549639273014,55.07090488289731,27.868166149586802,25.632572757544853
84.82669513949196,25.734362580489073,31.985053462639193,86.58345941435084,34.390154121766926,28.272035798384017,55.044987177051674,27.86426905739853,25.631166143696657
84.52795818294074,25.88250014466669,31.9534421508659,86.58721894675423,34.342025360147815,28.197632171966244,55.09055825621472,27.90157426430702,25.680334386304935
