cA,cH,cV,cD
221.51844939520646,-0.07373490719650284,-0.08650588879952338,-0.08163333599415262
221.73102969579094,-0.07229828773181016,-0.08041477982147485,-0.08197295479351295
222.0786196621963,-0.07263807212551551,-0.08511670179605409,-0.0802291077301239
222.43813602648927,-0.06854682886393727,-0.08448740676536602,-0.08079603518993718
222.71797843897357,-0.06693008893003119,-0.08372168225628143,-0.08244388116332028
223.06598413548764,-0.06635302140085064,-0.07895593212678564,-0.0857775891793073
223.5406075814218,-0.06360730043792397,-0.07384354310572008,-0.08437933375073516
224.11363949405518,-0.061364298435359586,-0.07236149874595789,-0.08163227919047977
225.0087461538398,-0.055230774526549245,-0.07221769022212701,-0.08107477384396823
226.64580294860428,-0.053986126011563856,-0.06655198333244003,-0.0845343477896554
228.43982174249754,-0.051154233560531094,-0.060117232171980284,-0.08799641670948524
230.65001759779489,-0.046908325783729374,-0.058488371066044785,-0.08622355312620386
235.78994554113785,-0.043852908476671615,-0.05016233874143984,-0.08602468024378279
239.71385373536387,-0.04029049266502117,-0.04799212684726609,-0.08952216318475124
243.73329745550816,-0.03267283872064542,-0.04193180031114569,-0.09278612770850811
247.96671651894647,-0.026479501950614878,-0.034163952866654,-0.09627164449212462
254.5031524679436,-0.014796827044051926,-0.027558155052177166,-0.10488126932352534
258.0154365651595,-0.008684270943738345,-0.019264141591985497,-0.11108285564806542
260.8687555824115,-0.002432845242192857,-0.013057485514351805,-0.1239503458498317
264.60579148271245,0.008879802052700177,-0.00564516856059393,-0.1339772038919999
267.4423692918445,0.01178554439383799,-0.00402504796118767,-0.1406940845030608
272.44707848805643,0.008255226920203513,0.001583467493600539,-0.14529510755530453
284.6887166431849,-0.009280646432026215,-0.007874497742039382,-0.14004871920413045
296.4771283359156,-0.016790889900535188,-0.01671881758887833,-0.1390289494360939
314.7461003207486,-0.016968332702330023,-0.014893482468889191,-0.12790436616451883
344.07099634967494,-0.010007019725438458,-0.011612502171758906,-0.09497914442819712
357.92658214502984,-0.0014802617063159804,-0.007588327168014829,-0.08001893082246202
368.8922096863049,0.003012532982600431,0.0005078900765865725,-0.06901392668324782
376.26085042926644,0.010475801395971634,0.005421655992699852,-0.06468946781300797
384.4441832390326,0.016593559636670717,0.014128785904047491,-0.05766733688029206
388.78387698682013,0.020259519678600926,0.016561958890135394,-0.051640443700760694
391.73555537982367,0.025050787143142125,0.020358276491188786,-0.052358034542120555
395.16345252594965,0.031140002638776795,0.02704126177609132,-0.04659207722623918
396.9323546781818,0.034976343747328116,0.031913051597737364,-0.04793891515754902
398.52071576800535,0.041622297699053595,0.03325544272676788,-0.04578257040834567
400.6641649762951,0.04375672069590897,0.035034910008182034,-0.046947397092155
402.4562928919124,0.04285588739229862,0.03563642954407767,-0.050429717830680044
403.5816770851852,0.04492284989278028,0.03769394839391088,-0.05204075028786288
406.11024130789446,0.048722431196784065,0.043176822461377724,-0.04961895905865306
394.55517359686655,0.03939830010637438,0.034961895756394856,-0.05067434050957214
331.92262067768326,-0.0024793123218313233,-0.005558248876926333,-0.07573433059556248
302.2325729382196,-0.018409845636387135,-0.020402017604869305,-0.09327798335744165
303.83307415649364,-0.016375540308098246,-0.01895705771627254,-0.09113016347786812
309.2078388299169,-0.012136568818393704,-0.017688088327627118,-0.08538658669204868
267.4708782914505,-0.03379207517566004,-0.04102547977800196,-0.12584242165077175
269.67851716635244,-0.03401024513496124,-0.04593921794774139,-0.12353355020651909
273.47671939164076,-0.032690760679489964,-0.03551551102455182,-0.1175959772035971
277.5296487186996,-0.024100616066842103,-0.03388629112958942,-0.11237435063554836
281.36811966198263,-0.025219872270432445,-0.029960091681858498,-0.11098771351482029
285.69638980216376,-0.020073880162576246,-0.029977716459840133,-0.10593985579279078
288.89539818594295,-0.018591899189263697,-0.02917504383854041,-0.10351310817171523
292.8453549902483,-0.017777935067684485,-0.01991685856798877,-0.09868977934173219
296.619229140616,-0.016888146376179074,-0.02440832284094647,-0.09369316005365733
296.5353884139318,-0.01645279979653849,-0.029236037783210565,-0.09773226407541744
294.8633162563063,-0.01670383027475443,-0.020725680362956113,-0.10204687700366022
289.29018036812204,-0.019878361795208476,-0.028713829174566958,-0.10479886154190522
288.0690866651601,-0.025133967191967563,-0.032258741257026734,-0.10892573119140513
288.96674789969296,-0.02665445251103891,-0.035104672450263934,-0.11008349413464603
279.73588435774036,-0.030827270854830394,-0.03843621655292113,-0.12185864975071148
271.32027453981595,-0.039311247933359536,-0.04225603584680593,-0.12968788634596876
264.8577863048431,-0.041219483276009106,-0.04822569992780818,-0.13309508754668978
264.5081865775634,-0.04781173752209446,-0.045075241381063044,-0.1325033551507958
259.414382940377,-0.05551231702345309,-0.05427683592864166,-0.1372130253438505
253.9779251957646,-0.057568758066800695,-0.060507590050876914,-0.13393078905315242
247.1207298272587,-0.06410782530275086,-0.06675446978806548,-0.14518318517738968
238.83659393085273,-0.06784176544431922,-0.0815779282370088,-0.15238853634395247
238.41788277133244,-0.06906350251612309,-0.07363188584447115,-0.15239806596930616
244.052591371178,-0.06541921454549354,-0.07026952943072491,-0.14631631672988726
244.83085550486857,-0.06568713849124527,-0.0707636818861685,-0.14509302485626926
249.55199833890245,-0.06467148649871488,-0.07389797521671145,-0.13955680859698272
248.71215858274567,-0.06481263663413568,-0.07514935356896327,-0.14046297414128558
250.15713251598976,-0.06685999350691806,-0.06378436999578914,-0.13838343139898568
253.62016890048685,-0.06229609729131586,-0.06557780526611562,-0.1333591180454996
247.71729522334178,-0.0698277267043639,-0.07188795920057273,-0.14317118228767392
248.9169421717717,-0.06515905607367012,-0.06986362305363449,-0.13875755415877616
252.74418185809654,-0.06674456436349961,-0.06920758582821594,-0.14001334240850977
255.8677617879294,-0.06300844436748639,-0.06790295296168337,-0.13308518798946162
257.9605147090114,-0.06408688889924112,-0.06366547224590219,-0.13293342164459984
262.5000181153707,-0.060697244077970364,-0.06153879899567385,-0.1298980192635807
264.2914426137196,-0.05924546953521714,-0.06631144266877854,-0.1250763413411868
267.6757180485788,-0.058001837143101906,-0.059588828508809095,-0.12072185106426082
269.8630540119252,-0.056205559583659276,-0.051697900898237406,-0.12226073233362834
239.17901238772475,-0.0911847669513046,-0.08555235636820051,-0.15758699225133752
198.24308561652145,-0.12531276999182592,-0.1333824654272486,-0.23768495218482882
202.54505013292288,-0.12308671900455596,-0.1303987129299554,-0.23045260856882316
205.4716430117933,-0.12283591969769735,-0.13190392689947325,-0.22529956118776479
209.82903266006116,-0.12075050886776485,-0.12436689619527543,-0.21904603909519593
213.28702912853106,-0.11842048393321347,-0.12296202576920044,-0.21367965032289435
217.36077856612616,-0.11907684568969738,-0.12768188844990758,-0.20710051110417413
221.11453917309603,-0.11513652845378672,-0.11610787434877147,-0.20019249601881833
211.5707911050622,-0.12322180938581397,-0.12937120475379274,-0.22276045163277738
204.63950213462024,-0.123830808034092,-0.13357834544429253,-0.2348088843207074
208.0785923827993,-0.12288152282946531,-0.13425964674335672,-0.22950318326837169
210.6824362429004,-0.12083742822022805,-0.13908864759515588,-0.22782435067972903
211.72571497343628,-0.12193031066145645,-0.13281010188378922,-0.22454370696138268
212.98633022667198,-0.11927050666051457,-0.1294709071574519,-0.22082812423025477
213.6669854854786,-0.12027718812529738,-0.12877711333323927,-0.22330262602977585
215.90409502110194,-0.12002737432380042,-0.12737047588460457,-0.21765120635590973
217.8324770370818,-0.12125463163372847,-0.12543672788778604,-0.217855536353435
220.68108260047174,-0.1178959307520049,-0.13256651302133302,-0.21049169096052275
214.76190905359334,-0.12125733432242397,-0.1355898171001678,-0.22043643098828566
199.15697943516372,-0.12460288998690108,-0.139933758611698,-0.2373145616091447
199.27036957451824,-0.12494907561872733,-0.13912693897949693,-0.23412913633443658
199.45115447490534,-0.11737785640500283,-0.14512575937365588,-0.23236272778967532
202.0025724494665,-0.11921751075092038,-0.13587670466809534,-0.22590351442365447
205.2019067188811,-0.11680253595696254,-0.13728249837089693,-0.2236127518484495
206.94291913796414,-0.11739177755370077,-0.13041927401917244,-0.22019412803536453
213.48575559976743,-0.11504324124493971,-0.13272348149609506,-0.21122678228960245
197.07702883503237,-0.12074336278245944,-0.13826643054204407,-0.22441534129840254
161.20445448293438,-0.12962589707996638,-0.15560937695619062,-0.18613858546366627
145.66156397927898,-0.13174637930742517,-0.15230308838155154,-0.15616833699638366
151.77787160615443,-0.12166960964593883,-0.14091433361047107,-0.17065594147113716
151.27944042421373,-0.12223876936799735,-0.13625318306503761,-0.17092463692040907
152.04808726446777,-0.12095731842236797,-0.13702245182857276,-0.17144492689748436
181.099608861874,-0.1217859973463074,-0.1352665347257471,-0.20719060306589387
208.79773075526896,-0.11738874273231395,-0.12928136605347246,-0.22969338548219964
215.0426107695287,-0.11551538269272861,-0.1298632566432258,-0.2296945030150015
214.79212076659545,-0.11397312704514956,-0.1246768176372891,-0.2265495316167192
215.64018334562334,-0.11474120251050937,-0.12295619299043782,-0.23058805308687766
217.38459973518968,-0.1134740607666455,-0.12531623411026258,-0.22916061170028668
218.3090325758834,-0.11451835728450803,-0.12420339465828079,-0.22404859951117975
219.0885029415849,-0.11265514930471693,-0.12008489329645144,-0.2227322919678294
218.97291012261124,-0.11448907278769226,-0.12657761603737921,-0.2201052468019562
219.26712953870765,-0.11405969312655599,-0.12401712598804712,-0.2224095289542136
218.33874879395043,-0.11191372061936981,-0.12279326020487662,-0.22398871812636076
218.11009271871367,-0.10998058077958033,-0.1263191778051927,-0.22394462043442467
216.64270963227284,-0.11271719674381242,-0.12799204910020798,-0.22478618073454423
216.70153510332176,-0.1109919388931774,-0.12641579119856922,-0.22669853584760924
215.25541995653884,-0.1135287742299101,-0.12881525706974498,-0.22671062193506766
216.84853950673025,-0.11485291886622108,-0.12582836191829264,-0.2254740358247394
217.58861843133243,-0.11341014747411843,-0.1253095473085596,-0.22178043615923865
217.7945603488384,-0.11372530836029672,-0.12555794143111618,-0.225264094242452
218.91346689799195,-0.11326070597421602,-0.12393325537453122,-0.22247492843620992
218.37813566906095,-0.11459217772540428,-0.12714904468402077,-0.22220003241724812
218.14370200063203,-0.11080339455479878,-0.1221902264019322,-0.22349383354434726
218.3926962191752,-0.11223426239619595,-0.12463624292588624,-0.22309637257376885
218.7300097748996,-0.11404886824807596,-0.12617821399301507,-0.2207009931590486
217.32683219295564,-0.11251316272252927,-0.12337261525707674,-0.22268508405946918
217.82145089265276,-0.11317244125829606,-0.12866851489199954,-0.22140904911002876
219.49579890985032,-0.113056194772436,-0.12509360332421499,-0.2224809144199086
219.37805205365686,-0.11090052930388998,-0.12626185992860028,-0.21913004479245476
218.85027484665662,-0.1120081268786852,-0.11765571390251484,-0.22042988068108513
217.0213400033376,-0.1136040342911663,-0.12174757840158792,-0.22082890851168083
216.4544050307248,-0.11332005275865609,-0.12481121326353263,-0.22145480039552046
216.27000488845437,-0.11157683865975956,-0.12054514363255968,-0.2241813573494304
216.06773231118896,-0.112644891474836,-0.12310132403652618,-0.22158168542613227
218.11096771513743,-0.11239737585147742,-0.12333979292865123,-0.21857770791251704
218.3045809337115,-0.11157439511028515,-0.12168316525156249,-0.2208822332733649
218.53205462562164,-0.11193003619801913,-0.1205792757444672,-0.2201530824880442
217.66104047922576,-0.11563444704873845,-0.11988886763696699,-0.22366083655317343
217.80611644843628,-0.1122190072616722,-0.12323408412263089,-0.2216505371640152
218.18432999451545,-0.11274827818963977,-0.12155471304021263,-0.2212979509746398
217.73102612962956,-0.11283398640432413,-0.12396194717819031,-0.22047697272741915
217.76214118102743,-0.11304986225356693,-0.12173764349635946,-0.22092566577688724
217.53157243837947,-0.11101917178698326,-0.1226878558529497,-0.2207673604919712
217.57651063443268,-0.11285025309823411,-0.1233994692848839,-0.22245040375955472
216.13128118078382,-0.11157937514131426,-0.12517640806438132,-0.22024837059493566
216.24263813975156,-0.11441656942934433,-0.11965267204774088,-0.22324172023988853
215.65705485174942,-0.11503218685113042,-0.12233791929254319,-0.22168129019586513
216.26665073846306,-0.11282346350778487,-0.12425083095280087,-0.22347523292531604
217.11700521727695,-0.11224898559814686,-0.12416834958588478,-0.21943400367611943
217.32639379896185,-0.11288183509261675,-0.12032518645633498,-0.2205228585125039
217.55927671867755,-0.1122165046181271,-0.12322726609145138,-0.21415107254989602
216.55076961691293,-0.11358160701731203,-0.12171287006449776,-0.22309196427221456
217.26343230604394,-0.11257883665390564,-0.12307451322945061,-0.22011908644301165
216.85277826441387,-0.11256022851150976,-0.1239814739555677,-0.2230856907691549
217.13220913394352,-0.11131669234256142,-0.12528427205293574,-0.21988733123322388
223.39910698266652,-0.10747013030892637,-0.12258854328345377,-0.2197534901201329
223.44083667172663,-0.1084914345097301,-0.11933745952308074,-0.21982536319995477
224.1671303518624,-0.10732692624438055,-0.12291853838572561,-0.21847915187807276
224.23405475383368,-0.11079816226366271,-0.1154163993351742,-0.2164512317398825
229.2375122590669,-0.10997672304049001,-0.11775903905109543,-0.2135581763155206
230.49183964845932,-0.10949118265497246,-0.11704784085542286,-0.2109088057916135
230.21394446506926,-0.1096432635067364,-0.11521124438590535,-0.21202195651951142
230.3395988999903,-0.1088485117338939,-0.11447128877043092,-0.21054775124761946
235.7364077842308,-0.10687772567849663,-0.11315826593284344,-0.1900887093820156
217.05398432157446,-0.1188480537786859,-0.13260376317278025,-0.18280514230052364
218.67981169352512,-0.1150581750612232,-0.13137701102450686,-0.18264971855379708
224.78447715980133,-0.11558600933638713,-0.12688717419465803,-0.18120570609746425
225.05262645428172,-0.11700427828023859,-0.128680566254738,-0.18272213503256945
224.6284712298928,-0.1144630277809981,-0.12780070029286597,-0.18077258346922503
223.1466389953796,-0.11811304318793063,-0.12489501534296446,-0.18377397749406388
223.36845354048882,-0.11657884077610038,-0.1292048616578692,-0.18222283996892405
223.79959469368976,-0.11848311058601772,-0.12493808445484517,-0.18541024659923877
224.36241338084483,-0.1168359087304596,-0.12295209461133137,-0.18251942939320484
225.11730334809045,-0.1170397653521388,-0.12809888483991252,-0.18278596111431542
223.52829142101814,-0.10976326545601502,-0.12446597510310059,-0.17772613127885106
216.04508105457307,-0.11748581035808084,-0.12693410323619198,-0.17803372551065974
206.79520840975624,-0.12132562936707683,-0.13123066253519144,-0.18523923613031662
206.7387590001389,-0.1230474620562732,-0.1343967030841258,-0.18608901845238518
217.90353132443047,-0.11116382739453975,-0.12665535942404188,-0.18496332878675228
246.28050834800237,-0.09919179943424539,-0.10560031735579667,-0.19724891623365504
230.58358748270211,-0.10805068900418527,-0.11666899858593845,-0.19483315347868788
229.11710510314705,-0.10779279663261693,-0.12012271882831167,-0.19683879623871275
227.06852470150582,-0.11078180814515763,-0.11653349850735904,-0.19742476231675718
226.55241199216835,-0.1089215388523329,-0.12029900766975084,-0.1988209152235399
226.36197090935224,-0.11347491398113697,-0.11951781289513191,-0.20117714207795034
227.25346523823728,-0.10825678973249926,-0.11760066355790716,-0.19766947296526366
205.41427398176256,-0.12137424868266432,-0.129703996217513,-0.20308613762474986
198.95032368316095,-0.12513886162364682,-0.13841937943073052,-0.19743229362312642
199.30852251021082,-0.12345609490725987,-0.1406015601290919,-0.19747156902380786
199.44537285585739,-0.12213040368355639,-0.13762451771281414,-0.20009044359240002
199.93165964217908,-0.1247977805765407,-0.13735111216521534,-0.1994534236616792
200.01867914364928,-0.12484064737444717,-0.13874022977934594,-0.19977584438288803
198.38796477564168,-0.12406334494624631,-0.13917275346627028,-0.1987255067092989
197.00431628695583,-0.12539500044161833,-0.13799435606233026,-0.19913006157119642
196.68315724380423,-0.12340191177296503,-0.1389939522100672,-0.19893561772971283
196.6553181261906,-0.12596296792689465,-0.13883176176040748,-0.2027998912357366
197.45215985301664,-0.12297488209545714,-0.1398897919354247,-0.20266924249863894
199.15776739869082,-0.12252320413160428,-0.1403422482637512,-0.20049950950876652
199.94129953465387,-0.12275748852388065,-0.1364018696076549,-0.20078820975300718
199.85326208335468,-0.12581445206896455,-0.13369429235258845,-0.19687771714274657
198.99572457266163,-0.12359653635194508,-0.13889894602630506,-0.199257253439308
198.46949190813044,-0.12583800643302556,-0.13860231468514525,-0.20159805752032453
198.1604800676066,-0.12502481526485676,-0.14022390411166083,-0.19921032978019218
197.87275740624204,-0.12447927455803091,-0.14098857966115796,-0.20055088469016807
197.2353262010321,-0.12406774424590004,-0.1401195695656111,-0.1971833885002237
196.09092012497086,-0.12425091994467773,-0.13887824194148343,-0.20227084106365711
194.32592951118434,-0.12618497802046685,-0.13878344754035435,-0.2033948238908399
193.42458276243792,-0.12595131325927278,-0.1438218753441271,-0.2036714914385542
194.34868845479318,-0.12572212039989641,-0.14103842917971843,-0.2016283498186818
196.65519663451053,-0.1259052880016441,-0.14190847708152,-0.19812401888095119
196.64765272696272,-0.12478255473470343,-0.14283736138021144,-0.19119304361371192
195.39621102829722,-0.12580936616094213,-0.14007923456838345,-0.1952352710392688
192.6855450979182,-0.12312531944560504,-0.1416129333467101,-0.1966290410579299
190.1404829225568,-0.12575724585076586,-0.14122906695972465,-0.19825636887075263
188.57284234438237,-0.12676406261310577,-0.1431144342364464,-0.19571938991513443
186.65032612801178,-0.12565440032618932,-0.14294397286961322,-0.19505626882255983
185.7292138245821,-0.12676896946830593,-0.14559388508963622,-0.19910296378977924
185.63797919381864,-0.12763469347597614,-0.1474984874102567,-0.20071201747041498
184.39602866034443,-0.12786758532289078,-0.14625035580806214,-0.19990003245658858
183.69363619160166,-0.1248116578420965,-0.14684558623098826,-0.19773601718141648
183.13447113763607,-0.12719979757701969,-0.14585810838414612,-0.19799006117564655
182.66436234566436,-0.12687075895852798,-0.1488893740313715,-0.19848447441585437
182.35915508028347,-0.12545116232381506,-0.14676240701362422,-0.2001881168066215
181.89773081009415,-0.1244288144885506,-0.14833478283546767,-0.20019432819843844
180.83559300520787,-0.12567136576493312,-0.1500511234423808,-0.19693563428137428
180.20670859107483,-0.12533062674680473,-0.14124207230544533,-0.19748673762044663
179.5297549982262,-0.1269119005724925,-0.14257911844452353,-0.20006343084168648
178.53911923084777,-0.12528490165089035,-0.1479355391255131,-0.1994593961372846
177.86337346534958,-0.12726019882853268,-0.14175266550602514,-0.1989586646451343
176.98489505375667,-0.12689580022127575,-0.14089628736903984,-0.19765545698599746
176.61973027492704,-0.12787708599443967,-0.14359665431525656,-0.1944853693470727
176.2321816681418,-0.12844444622755763,-0.14631979166482884,-0.19779790015533638
175.2716814200486,-0.12574872002665013,-0.14405581447644045,-0.19734577944363135
221.58404473396251,-0.10975641324513502,-0.124470547948092,-0.20143898814834652
235.1325070405017,-0.10365835754635892,-0.11357853184632906,-0.17451174804378689
238.57294189382011,-0.10004700566436471,-0.10638831182658848,-0.16565532155527415
181.27975777302163,-0.1268103711759779,-0.1444976917425827,-0.20211626487789927
180.53862736462975,-0.12787220755851014,-0.1440970206346696,-0.19991131152832825
186.6032859861762,-0.12649734914272118,-0.1399631558178155,-0.21121401023521616
186.43902016784466,-0.12454218152755249,-0.14035226469478315,-0.208901495014584
185.11537263347125,-0.1266962713871249,-0.13997754437579188,-0.20471631973527646
184.52043639832388,-0.12624064498947038,-0.14006111171399954,-0.207894172623831
183.50386799696207,-0.12645050110294173,-0.13682196984853437,-0.20577377094952892
182.37656564035981,-0.1279764706315652,-0.14361227823432454,-0.20726957853304667
181.68565847094484,-0.12637503222660898,-0.13923025894131302,-0.20639131404900501
182.14152293465662,-0.12444947015539107,-0.14331210241441525,-0.20475318936750597
182.9804173706148,-0.12726628397430884,-0.14196457028359527,-0.21040946990112785
182.3856360730079,-0.12567761891710647,-0.14233351415366707,-0.2112106828146108
181.96449848150561,-0.12414136604192087,-0.14345116129877128,-0.20806878975052157
180.91425523838552,-0.12585391841647453,-0.1435851569597815,-0.20363780597838096
180.8706171740902,-0.12659320858010573,-0.14616350805647083,-0.20241488378369293
179.80600696689086,-0.12782641976720305,-0.14101460681008857,-0.20204008450747277
179.24453609135682,-0.12544637100992062,-0.14516369950282024,-0.20129124211974778
179.07492276360318,-0.12483603349928789,-0.14638407921025504,-0.1997767827063444
177.3714863919499,-0.12784294466681775,-0.1466342494068875,-0.19790882060953136
177.05489937879244,-0.128323173939523,-0.14469751406266226,-0.20217164305233462
176.22804717795154,-0.13019196514490616,-0.14100288327717722,-0.19845841393480304
175.83356654516604,-0.12959862484834092,-0.14293744424579724,-0.19890756727965128
174.95036932096292,-0.127897050877924,-0.14555848635768687,-0.19499627436858805
174.01843191540212,-0.1291276669561541,-0.14448788004806226,-0.19537043995012818
174.53548819238605,-0.13011984715365923,-0.14465650886493914,-0.19447181533737568
174.36950842520955,-0.1312399580712472,-0.14658059143295832,-0.1984998909410904
174.30194312316556,-0.1273782920634994,-0.14035569697012,-0.1977300356647799
173.24824195776628,-0.12768560963720482,-0.14231842033927009,-0.19169374096529246
171.84969347762365,-0.1282907040450597,-0.1450069291852061,-0.1920049081524125
171.41955945929047,-0.12843453889402043,-0.14260665988914864,-0.19153563105513605
171.45886059706544,-0.1271555189337734,-0.14395122556846757,-0.18926098146301593
170.28655141822887,-0.1316629291847115,-0.15019700950585455,-0.18914255251500578
169.4119845813814,-0.13252436468538142,-0.1438706371103005,-0.18798439824858107
169.05354446354815,-0.1333676129725706,-0.1440930234908118,-0.1836940223029493
168.52982946330891,-0.131862013529045,-0.1514292505445558,-0.18588765201706592
168.27538990405108,-0.13023889926629773,-0.14727368905226643,-0.18654034315566662
167.22568755087593,-0.1298785726634017,-0.14598854471533054,-0.1825854577429677
166.53088063567685,-0.13313508880967664,-0.14619201110386468,-0.1867381102036378
165.5501008354915,-0.1322552796157602,-0.1485373697521568,-0.18350756672532242
164.3626201626983,-0.1325202754255677,-0.14551703314708564,-0.18296337203387983
162.4063840296723,-0.13122655460916566,-0.1525420177933555,-0.18044391329358714
161.790214497168,-0.13089818575305695,-0.1481831442075069,-0.18078338572031927
160.0824178030928,-0.1326290480640712,-0.1453647234710498,-0.1794134769032189
159.38688268398516,-0.13073440595154648,-0.14563467871854066,-0.17854261100704918
158.9562214875137,-0.12946812084881332,-0.1418864309320039,-0.1767044901394125
157.13523984315287,-0.12949545274817428,-0.14557246551041705,-0.17777214477035147
157.03042483765051,-0.12691504413152288,-0.14131101706415516,-0.17473278047608315
156.13145664505674,-0.13052823251416174,-0.1441413841912281,-0.17332360454049922
155.18129112561402,-0.13181265373691306,-0.14755168671337945,-0.17555857407534356
154.82386151426238,-0.13057767003793128,-0.1436440826196537,-0.1756290101425106
153.8660289452579,-0.1326344891493137,-0.1459604530499322,-0.17422325282813245
152.66921427716497,-0.13152588794796416,-0.14768980988198413,-0.17195879815668705
182.45870799248237,-0.12375965248270862,-0.1409193484836115,-0.22060253780434813
199.07650344647203,-0.11922250215958088,-0.12661985246033786,-0.22545809158872385
213.97284578902614,-0.11406402966304073,-0.12671755149380015,-0.2003986019338969
212.57149845807743,-0.11135297324280774,-0.12148685047678938,-0.20623440494990364
211.33797042562273,-0.11207534489665585,-0.12040937484686928,-0.2075104871881559
209.079594221126,-0.11191863629130239,-0.12264223408361499,-0.2086951044121484
207.8637212581673,-0.1163603897307646,-0.12476983726819502,-0.21159284821232208
206.74454362390128,-0.11460181931938723,-0.1271965662230581,-0.21229335385951503
205.25664231088183,-0.111944814775327,-0.1255667509594575,-0.21652538585978207
203.95842527260456,-0.11262376138124149,-0.1239214039500361,-0.21617839850590873
202.40228522676338,-0.11561791099579147,-0.12392867869624381,-0.21848951252864468
200.8441701832257,-0.11394043751348308,-0.12235499108552361,-0.2204819420823588
199.08845647321428,-0.11624390276141122,-0.123064123596428,-0.21930413645621988
197.19871531109476,-0.11373272375502443,-0.12583342139427897,-0.22189646812688377
195.8922672151724,-0.11240347385342132,-0.12589671420814433,-0.2255530012285983
192.97833606750956,-0.1143681119998731,-0.12777976815309075,-0.2271354897046405
188.78746474762477,-0.11480892262334762,-0.13308689212583807,-0.2297709062144867
188.1101075379666,-0.11629126009870237,-0.1337441121871564,-0.23556444343658767
187.60727243261397,-0.1171421951450507,-0.12616032073222158,-0.23488711128206227
185.9018851520044,-0.11943656862078755,-0.12944415377025836,-0.2388129286719392
184.52671576127,-0.11577985478157622,-0.1363941890183926,-0.23457990808136261
184.48357202525486,-0.12029459621547188,-0.1258090495522238,-0.23545624728669617
183.6381703458454,-0.11823189113772356,-0.13168492612876778,-0.22998627922818965
181.2567589399782,-0.11725212845882624,-0.12631942653175388,-0.23511411291984746
178.28761148573162,-0.11596219634154187,-0.1303815351139443,-0.23863387774517392
177.60248789767266,-0.11714650736947589,-0.13061367725811504,-0.23684291397402496
176.1524168603301,-0.11725400535868372,-0.13112411370205213,-0.2356451825492767
174.47042036647485,-0.11686597525036348,-0.1315875556553203,-0.23554750767135152
172.64261685595716,-0.11752932701608236,-0.13123010326290194,-0.2384133448000397
171.13048451363863,-0.11899491170106655,-0.13205255316923578,-0.2378124152999804
169.46528664361736,-0.11385637100883454,-0.13392090629715778,-0.2389224121134796
167.78505148665243,-0.11890030894830741,-0.1298896136168935,-0.2352528818413354
165.58574522118178,-0.11985131851026697,-0.1334563560372874,-0.23527506863169614
163.23331397787635,-0.11964840943824376,-0.13700821727349635,-0.23539365568981704
160.08754721586126,-0.11849734321396213,-0.13381915537543712,-0.23498334283139855
173.6775037156364,-0.11182090325282347,-0.13195598939078626,-0.23903475029083623
190.8673827653802,-0.10434286112818877,-0.1243176601483859,-0.22502868454106453
192.33026892396333,-0.10390553443950298,-0.11827404535149721,-0.22028095933995168
191.69841360881895,-0.10342123987735295,-0.12204831941073928,-0.22133229264997203
189.98288353025822,-0.1048511910500325,-0.11776571920565873,-0.22738402769902713
188.59515205999395,-0.10011020989582135,-0.11702324308887559,-0.22576391934299236
186.18159344754875,-0.10524017011876824,-0.11547398260963058,-0.2285914237154802
185.6109478225532,-0.10408020898607563,-0.11454765921146037,-0.22606685669272317
184.5322498565838,-0.10531224052912848,-0.11422982952421205,-0.23021253856920396
183.93202981988705,-0.10802332847174098,-0.11655918710075693,-0.2285717982923989
182.63686437139629,-0.10218877098702664,-0.11801977529722277,-0.23316808857979945
180.2889723486232,-0.10420297086924847,-0.12237566647997,-0.23428006740083157
183.03741381458607,-0.10444856883368554,-0.11649881388769333,-0.2316698638606835
183.00055650953743,-0.10034837248498135,-0.11591898648190993,-0.23000880776593796
180.90074129006234,-0.10352711458795424,-0.12206532534511744,-0.23239795980859534
179.03058726189178,-0.10543770060528887,-0.11865787585594804,-0.23610016377819795
175.554660449607,-0.10792940310115154,-0.12110354038405251,-0.23919324887734078
174.8116032827892,-0.10735152476976212,-0.12321432972841238,-0.2373007653348585
171.9608355300661,-0.10749842399622524,-0.11978345191789383,-0.23622347956172735
168.9337711903398,-0.10536473611446659,-0.12510654797993778,-0.23999217871670586
167.04678715661046,-0.10785208681330108,-0.12096716557179521,-0.2438908488171457
162.80302736169295,-0.11256524137925718,-0.12360940569856756,-0.24394119222663657
158.67340953743238,-0.10988779792394034,-0.11840172944683577,-0.24971673310382314
162.41748979597025,-0.105779860217714,-0.11575463673202055,-0.2463567676360979
204.3101966190937,-0.07337323331836865,-0.0863221396055269,-0.1698292418792485
209.90328819287674,-0.06993915272687244,-0.0754104771379703,-0.16466891460434838
207.58139027278187,-0.07335356583237089,-0.07697953687770896,-0.1678014018665873
203.78921104760704,-0.07272046913949139,-0.08190336575483315,-0.1700010110633002
204.97621166804726,-0.0703868566514965,-0.08024361402202124,-0.16525898243852236
204.38487896691822,-0.06900414807276621,-0.08156548484954437,-0.16714801764716072
203.37016004294586,-0.06808469510309081,-0.08128625197337719,-0.16917967966241498
202.388378918829,-0.06789693313997497,-0.08482940599604719,-0.1712018310888641
200.3496669678383,-0.06696022532419245,-0.08247365670295495,-0.17263999183679266
197.87375463704643,-0.07076801006219406,-0.0870301472167872,-0.17436965283086284
195.0724755962136,-0.07033332835024686,-0.0900887327547859,-0.18067726721697744
192.99977379674854,-0.0730132971834016,-0.08905837880557678,-0.17624900946245997
189.31557841115438,-0.07467828089430441,-0.09045447931504437,-0.18235545866583644
187.85662144488444,-0.07389967258650341,-0.08969804433631691,-0.1842186537894604
185.6496887619574,-0.0744232961435959,-0.09005105207788815,-0.18551354567563388
182.62529337502534,-0.07375326694841092,-0.08908374418224728,-0.18795142759174865
180.58118889585282,-0.07639029800606828,-0.08864191478906677,-0.1924575119434059
177.08652791151815,-0.07777448728494303,-0.09260709979200317,-0.19337482227366937
175.0536294478785,-0.0733118139882073,-0.09227369125529028,-0.1956775346269986
173.02480141562202,-0.07704504982784094,-0.09056499495612295,-0.19683320514038943
170.99414418356724,-0.07765374693229095,-0.09218206683755234,-0.2022703047499589
168.9430018089986,-0.07610874776917642,-0.09087558725055858,-0.20264890278859066
165.6003598271304,-0.07887290381408044,-0.08755408115541068,-0.20632981444727666
162.5616789906573,-0.07795136073299475,-0.09305476563304486,-0.20674683226772175
160.66328083001844,-0.07949932820696742,-0.09376119201045424,-0.2083917642651803
158.41758239274515,-0.07572978495678971,-0.09160947634733876,-0.21323946475205074
156.25887382138006,-0.075110868181493,-0.09698117822736205,-0.21729125256650755
153.4831014542705,-0.0784604597148516,-0.09072711680392309,-0.22057572329952865
151.38537982769938,-0.07513819914733773,-0.09476529681876898,-0.21930137209439438
150.49409868078115,-0.07771258858372211,-0.09273040816956021,-0.22203496990854257
192.3369107099795,-0.06360876377290009,-0.08223683167229727,-0.16951998998580406
190.08520327952067,-0.061787441990828924,-0.08510769805844473,-0.17262697879302397
185.8229387660045,-0.06307066163320695,-0.08222954136579558,-0.17628357400598146
184.30599770097794,-0.06579882776299534,-0.08333468624317834,-0.17597668109806597
196.589711922165,-0.06156492249283819,-0.07709092129638265,-0.16996607073872813
195.7107783519513,-0.0613146495929066,-0.07715514956256991,-0.17264209276265435
190.27655584719494,-0.0600238157648881,-0.07921433108612032,-0.1759607424191515
188.59871618231014,-0.06421974453561799,-0.07899369921369233,-0.17653480063595067
187.83584682550656,-0.06472594853896838,-0.0816948350061084,-0.17831075075736202
185.62231105368102,-0.06274018625500487,-0.08161874667337651,-0.18361858481344373
182.79101600379087,-0.06486594446108895,-0.0816675049164888,-0.18661963963082379
210.83914538088072,-0.057688520779148066,-0.07972304859427295,-0.159763594960487
214.50407683015115,-0.06054646604182965,-0.0752041298631728,-0.1505889494564517
209.59561184200555,-0.06167821651253366,-0.08091171026142016,-0.1574498108223433
207.84314267839994,-0.06192427322603904,-0.07660729301268521,-0.15879834531499576
205.4843757096466,-0.06200598629177515,-0.0773248124096961,-0.16146556159707104
206.08201605898154,-0.061834368492433234,-0.08398813120221829,-0.16005003907902027
205.60790210257537,-0.06080704407093923,-0.0797525666353675,-0.16170406314074504
203.60249612050794,-0.060444910163662796,-0.07973373312398398,-0.16682776751506712
202.94806524906448,-0.0607918891284313,-0.0802560746649386,-0.16782757665286777
202.0599016675435,-0.06130207708826683,-0.08019242183645513,-0.16603264845718602
200.34813659939863,-0.06281433362085743,-0.07776307990447627,-0.1690797590427966
199.18419090934185,-0.06354206498018214,-0.07737608095527089,-0.17157970528312363
197.1302846530001,-0.0650114710940942,-0.0797661624550367,-0.1680706057371456
193.48605313801735,-0.06429375276013248,-0.08145474310929077,-0.17244453369266513
192.35399570599708,-0.06134072940258172,-0.07822924492597176,-0.17476036492762595
191.74922483453872,-0.06294357622623899,-0.08590217270642561,-0.17497652440283254
190.68158077420793,-0.06249264473414411,-0.08100580710417656,-0.17461832107159403
187.7236433584496,-0.062421344990209716,-0.08329051617337675,-0.17767227151780643
183.8083617862565,-0.06526632177283756,-0.08367748308382891,-0.18316512602686272
179.64344618209927,-0.060291614486862107,-0.0853599201788079,-0.18671298877623077
176.26246745536412,-0.062411841632694816,-0.08583065012294774,-0.18388819657158195
173.62480511621052,-0.06575959838640374,-0.08109403971356721,-0.18869874797524594
171.0381118037162,-0.06332346733791955,-0.08154830329665859,-0.19172824877998923
168.30859386569202,-0.06166251496873561,-0.08108873951162825,-0.1917319552126308
164.70254232696433,-0.060476596916355346,-0.07803259881647158,-0.19508102498080787
161.39598986220665,-0.06366612258323996,-0.07872748572587389,-0.19830233209539985
157.44277152751536,-0.0584723723071197,-0.07696925245926939,-0.2028716389066124
154.2355181920839,-0.05603078721799477,-0.0759910908983512,-0.20718253097876438
151.4223920195522,-0.05674111583043283,-0.07340795157271572,-0.20939779703816935
153.2735560806495,-0.0573201659226506,-0.07341543588234808,-0.20441774257167855
172.67204225303504,-0.05575062006829053,-0.07829634031738471,-0.18849148588060313
198.97426130052844,-0.06031740270909539,-0.07816275788724114,-0.16938588216051165
202.8016403984634,-0.05990832477365619,-0.081294938233719,-0.16936398760951846
213.46547087272666,-0.05956345643819162,-0.07367573783750313,-0.16150670859345329
232.1129489005912,-0.05547442177104922,-0.07112941638822287,-0.1497465846805423
232.16671739955734,-0.055707656337998256,-0.07330020229885588,-0.14961234486694017
226.8999833977488,-0.0562338410199109,-0.07646660671667493,-0.15050338746835776
223.68408136255795,-0.05575941675094842,-0.07664769300277477,-0.15896291883794533
220.23358025280737,-0.05689430184655805,-0.07504055969567239,-0.1638325468585634
216.34131953900214,-0.06023729416700678,-0.07772159124945219,-0.16755198254099846
212.858506037296,-0.05682486348899328,-0.07564971721289455,-0.1663009700916715
208.47320876052672,-0.05389552516947566,-0.07272323460184028,-0.17233329484865598
205.24225579915705,-0.053529787796286026,-0.07266032509239026,-0.17369571765328928
202.3565724068429,-0.053141181979157015,-0.07614711423831784,-0.17415877587451478
198.1268963945879,-0.05057249557059448,-0.06375922772209164,-0.17919780831225582
194.21952915960327,-0.04853828569615442,-0.0669171006517867,-0.18312235529560053
192.15018952880442,-0.04756460957379289,-0.06454023490874555,-0.18548707313201562
190.41511657085024,-0.046754896997125546,-0.06059934004456869,-0.18884199823856465
189.49216160051023,-0.04505945720326183,-0.06381105677603242,-0.18588818521717007
188.1921071440427,-0.04536283312585782,-0.06184923221783641,-0.18621960269483398
186.56584806744684,-0.04330207243114241,-0.05778238269551177,-0.188779557082394
184.81727640626994,-0.04370653510930773,-0.05074240030148912,-0.19177758721994248
183.91534319324114,-0.04402926873100587,-0.05708925609375324,-0.19003023363350954
182.66868484598996,-0.041224126329274295,-0.05678066658536447,-0.1930190229011415
181.6394711397683,-0.03875645574830585,-0.050108030330942854,-0.18714709102152455
180.6760792040487,-0.03827787672077839,-0.0531183868934058,-0.1922375704162216
179.40338458056917,-0.0379558751473891,-0.05419374510084432,-0.18985325574019407
178.0965880079403,-0.03592626153280454,-0.049594137310094495,-0.19219953788951177
177.1937091614553,-0.03730291900990631,-0.043937556906833444,-0.19519943704370143
176.3332919492395,-0.0353498186754334,-0.047855268350601346,-0.1959728957076637
175.07487564708677,-0.03555308976746934,-0.043788441320110075,-0.19411002268208308
173.925766681599,-0.032932909201885054,-0.04164654357102736,-0.19725047296260254
173.0907974283062,-0.033975757272170067,-0.04989233732101329,-0.19504009631777644
172.71971236837828,-0.03471784407883944,-0.046510936771065624,-0.20014968544384795
172.55815930179222,-0.034896452296883256,-0.04482413345560947,-0.19854430387011607
171.9760677333234,-0.032843025567513666,-0.05060026310391015,-0.19740921402751016
171.43906053860547,-0.03300792707681311,-0.05182805440142139,-0.19785789606968315
170.6186827903346,-0.03570655456167625,-0.04559511970503871,-0.19703342328984566
169.7781371893611,-0.03862154097507062,-0.048982858380572064,-0.20039353139332447
168.7722455019295,-0.03767222059712643,-0.053316981229721054,-0.19649058403563885
167.6852042836314,-0.0417737426417827,-0.04974584147593751,-0.1936794813625428
166.57635414478773,-0.04057570275496157,-0.05281133166126196,-0.1938180024623405
165.51892018743618,-0.04413081022485399,-0.057549344144763884,-0.1916771422665682
163.90300027208346,-0.04651292372290325,-0.062111561250129496,-0.190869341781236
162.56923029615086,-0.045854793640007115,-0.06510485767883337,-0.18857974319054996
160.90992435627916,-0.0488878616186619,-0.062414037282217755,-0.18759043694009306
158.91262244692356,-0.05166807294517909,-0.06803077923650239,-0.18199382375031833
157.73400105595195,-0.051446785898015206,-0.07064999547422102,-0.18254835889796905
156.6751602519168,-0.05276412728644691,-0.0750107629624357,-0.18432485881252633
156.05827600113602,-0.05503113174421165,-0.06877593360485383,-0.18089562424019454
155.79262204600695,-0.05470697795584482,-0.07074901646676089,-0.18007147079417254
155.5770387593264,-0.05599679864951964,-0.07063482637169345,-0.17880241441904457
155.13643782449196,-0.05723659674605482,-0.07078082215594222,-0.17861479685180798
153.38978561516186,-0.05818634726862844,-0.07294959968429694,-0.17451529008951422
152.58249920916586,-0.0581438130988171,-0.06789202826152448,-0.1779297746680071
151.4610588042152,-0.05802774644558293,-0.07597985088284087,-0.1753110113483415
150.43603343484892,-0.059955549684524816,-0.07763821910083708,-0.17261139345294227
148.82906792432297,-0.06222175296526192,-0.07617544011040746,-0.17363374035469037
147.6731094832733,-0.06764449153893058,-0.07947414366702463,-0.1708951589081909
145.63604871551576,-0.07052114860179362,-0.08142406625228223,-0.16817633876647947
143.69654352329803,-0.06926008812079407,-0.0833247894997943,-0.1634890670108658
142.02025585631637,-0.07378649249402489,-0.08623417246458716,-0.15894777290782294
140.7482249951083,-0.07551972306638309,-0.08930668989514967,-0.16057498626937902
139.90790999954874,-0.07550461472163002,-0.09344427116880852,-0.15960442421770796
138.92919240212214,-0.07849278769607253,-0.0911199926393329,-0.15847546960256356
138.07328873877222,-0.07824734263401151,-0.09521001946946116,-0.15435055729917044
137.820319438647,-0.07936679131258133,-0.09501964036191791,-0.15567540079770695
137.74407204000335,-0.07866226787856911,-0.08997036761317824,-0.15511398823273095
137.4956868805168,-0.08017954356619446,-0.09283934140081235,-0.1556600438724304
136.92530573519844,-0.08190053051464843,-0.09513119197086407,-0.15507986041320235
136.12374820199747,-0.08425592401772541,-0.09876173334991013,-0.1524886510344775
134.98593460167888,-0.08500087212141423,-0.10080576236397455,-0.1508419102436178
134.12165978488275,-0.08879997522265844,-0.10208510929879384,-0.14969499571111325
133.19265791707136,-0.08837706763119647,-0.10045797543948609,-0.14969021976466923
132.41768697530225,-0.09046651007676207,-0.1052518129238408,-0.14860694324870236
131.09046110784777,-0.09260376049068707,-0.1034053215493256,-0.14818508973581618
129.81863214784246,-0.0924806052111597,-0.10748851839697789,-0.14523821387774383
128.35505878981073,-0.09533859929080442,-0.10776935241976981,-0.14241008416055012
127.33384235552045,-0.0986880359059074,-0.11014744415166595,-0.14800721663286895
126.61694237696982,-0.09677328236258716,-0.11653475298326159,-0.14129938184817067
125.6224615242108,-0.10116784513865713,-0.11523537520993378,-0.1382486391062711
124.89735164578737,-0.1019664059901492,-0.1121470075081837,-0.13843701168040803
124.24979225532488,-0.10371967037905727,-0.11698656380116426,-0.1374920059026197
123.36545814687781,-0.10540390319745653,-0.11408471919934735,-0.1355825630912903
122.60996236277241,-0.10414743178415345,-0.11071434970379603,-0.13504302605124371
121.79078451932638,-0.10520933949364274,-0.1151807135808045,-0.13401191619026345
121.46478872136989,-0.10645294449923484,-0.11830923136729854,-0.13500941040036113
122.22399467128437,-0.10556176547109093,-0.11788375118744825,-0.13075530285865983
132.83632295259403,-0.10345789727067647,-0.11343725926184356,-0.12825054950936057
142.00318867864107,-0.0995544649953153,-0.11089825449381076,-0.12239234656689191
151.44480459228947,-0.09582696597470682,-0.10357307368723018,-0.11648996972900093
157.2757268438377,-0.0922874461318807,-0.09774933907560118,-0.11308369936750218
168.86971634124063,-0.0890145692304459,-0.09216829693033576,-0.10880490729706989
176.13608163188647,-0.08503354173263113,-0.0907107227949033,-0.10549998181858393
178.55119523756187,-0.08289138766584637,-0.0932569916903453,-0.10286816212751124
177.91836580215468,-0.08399459288020264,-0.09613162708713542,-0.10149146723972323
177.34182524828915,-0.08494562776599941,-0.09854794264193548,-0.09984924240850727
176.59170852309475,-0.08812584178102999,-0.09449597940462358,-0.10122793081701195
175.93363429893728,-0.09029630693660302,-0.10007301939394923,-0.10051397481790726
174.78750544302565,-0.09304075712266122,-0.10276504489399921,-0.10108154618173187
173.94240631522842,-0.09223945064333232,-0.10684935124519958,-0.09751373936652417
173.57447389762373,-0.09476934659753455,-0.10372440059348641,-0.09596194646331964
173.04603035159158,-0.09527303951094371,-0.10910972842295949,-0.09616426916860538
172.55123735218214,-0.09407242011468009,-0.11025936951810648,-0.09700001556998848
172.1477857760264,-0.09447168330978101,-0.1085170032617688,-0.09664668871890059
171.7667360249902,-0.09710174403619326,-0.11214027190000166,-0.09725007374837641
171.09659971022435,-0.09728531331649377,-0.10786927461715418,-0.09530463933725757
170.826201749123,-0.09695931971823504,-0.10609660113312123,-0.0950507046361752
170.62238981326163,-0.09454712817661405,-0.11015581154494979,-0.09493821895702093
170.46888785040798,-0.09707482728434769,-0.10986669429383675,-0.09490668374556134
170.29989680740317,-0.09576649259827297,-0.10617121715481363,-0.09297635095379458
170.07603082703312,-0.09500688752157198,-0.1042729161905339,-0.09600484330506995
169.77860323125708,-0.0970429660919328,-0.10705313510819232,-0.08959997779146403
169.33558658280538,-0.09881158394034786,-0.10587413082243018,-0.09275767819808414
168.94419807771214,-0.0960590289764806,-0.10599960662589218,-0.092723614669876
168.63446768201626,-0.09448352902065277,-0.1125501855128894,-0.08962634598624003
168.08457738662833,-0.09890080008883564,-0.10849194082152538,-0.09500865229909099
167.9354047040026,-0.09666819800688649,-0.10960043201002483,-0.08876584662894893
167.52781372272258,-0.09735145243794,-0.10777777386639725,-0.09310177823236843
167.1591204664536,-0.09976604823034664,-0.10828057657177106,-0.08510514879412177
166.69214771604075,-0.09925459065145774,-0.10849035550910925,-0.08768605661634529
166.46904468250557,-0.10243142426441751,-0.10704316592684171,-0.08919596774976155
166.17221168360118,-0.10329952698522235,-0.1117474969113437,-0.08801473580436886
166.0726703522651,-0.10207516745715901,-0.10801094864821871,-0.09185703507198324
165.87951751206742,-0.10246432009987759,-0.1100788855789905,-0.08902588524892695
165.6854695574569,-0.1006335042933975,-0.11150175830606252,-0.0878877037492026
165.4782682675534,-0.10633037251198137,-0.11085905199785284,-0.08803749643650578
165.2853729639137,-0.10301175602340704,-0.11370641105580666,-0.08691249058636852
165.14788517998932,-0.10518159946424203,-0.11473259205748164,-0.08697743162185666
165.02497289366767,-0.10411172448322364,-0.11702922645719369,-0.090326436738862
165.04870084169713,-0.10391205602000649,-0.11423420960495845,-0.08785315369690627
164.88611038272415,-0.1036702991233566,-0.11832249747962192,-0.0847183422416344
